create database data;

create table SanPham (
	Masp char(100) primary key,
	Tensp Nvarchar(255) not null,
	LoaiSp Nvarchar(255) not null,
	ThuongHieu varchar(255) not null,
	Gia decimal(12,4) check (Gia>=0),
	SoLuong int check (Soluong>=0),
	TrangThai Nvarchar(255),
);
create table HinhAnh (
	SanPhamMasp char(100) foreign key references SanPham(Masp),
	Hinh1 varchar(255),
	Hinh2 varchar(255),
	Hinh3 varchar(255),
	Hinh4 varchar(255),
	Hinh5 varchar(255),
	Hinh6 varchar(255),
);

create table MoTa (
	SanPhamMaSP char(100) foreign key references SanPham (Masp),
	TieuDe Nvarchar(255),
	Mota Ntext,
	HinhAnh varchar(255),
);

create table ThongSo (
	SanPhamMasp char(100) foreign key references SanPham(Masp),
	ThongSo Nvarchar(255) not null,
	GiaTriTS Nvarchar(255) not null,
);


create table GioHang (
	ID int primary key identity,
	SanPhamMaSP char(100) unique foreign key references SanPham(Masp),
	SoLuong int check (SoLuong >= 0),
);

create table LikeSP (
	ID int primary key identity,
	SanPhamMaSP char(100) unique foreign key references SanPham (Masp),
);

create table DaDat (
	ID int identity primary key,
	TenKH Nvarchar(255) not null,
	SoDt int not null,
	DiaChi Nvarchar(255),
	SanPhamMaSP char(100) foreign key references SanPham(Masp),
	SoLuong int,
	GhiChu Ntext,
);
create table BinhLuan (
	ID int primary key identity,
	SanPhamMaSP char(100) foreign key references SanPham(Masp),
	HoTen Nvarchar(255) not null,
	Email varchar(255),
	NoiDung Ntext not null,
);
create table SubBinhLuan (
	ID int primary key identity,
	BinhLuanId int foreign key references BinhLuan(ID),
	HoTen Nvarchar(255) not null,
	Email varchar(255),
	NoiDung Ntext not null,
);

insert into SanPham(Masp,Tensp,LoaiSp,ThuongHieu,Gia,SoLuong)
	values('00029913',N'Tủ lạnh Electrolux 85 lít EUM0900SA',N'Tủ lạnh Mini','Electrolux','2990000',4);
insert into SanPham(Masp,Tensp,LoaiSp,ThuongHieu,Gia,SoLuong)
	values('DL.002009',N'Tủ lạnh Aqua 90 lít AQR-D99FA BS',N'Tủ lạnh Mini','Aqua','2790000',10);
insert into SanPham(Masp,Tensp,LoaiSp,ThuongHieu,Gia,SoLuong)
	values('DL.002006',N'Tủ lạnh Aqua 50 lít AQR-D59FA BS',N'Tủ lạnh Mini','Aqua','2590000',14),
		('00030532',N'Tủ lạnh Electrolux 46 lít EUM0500SA/SB',N'Tủ lạnh Mini','Electrolux','1690000',8),
		('DL.002387',N'Tủ lạnh Samsung Inverter 300 lít RT29K5532BU/SV',N'Tủ lạnh 2 cửa','Samsung','9490000',9),
		('DL.004018',N'Tủ lạnh Panasonic Inverter 380 lít NR-BX421WGKV',N'Tủ lạnh 2 cửa','Panasonic','18590000',19),
		('00034288',N'Tủ lạnh Toshiba Inverter 253 lít GR-B31VU(UKG)',N'Tủ lạnh 2 cửa','Toshiba','7390000',10),
		('DL.002458',N'Tủ lạnh LG Inverter 209 lít GN-B222WB',N'Tủ lạnh 2 cửa','Lg','5390000',10),
		('DL.003538',N'Tủ lạnh Hitachi Inverter 390 lít R-FVY510PGV0(GMG)',N'Tủ lạnh 2 cửa','Hitachi','16990000',10),
		('DL.004262',N'Tủ lạnh Electrolux Inverter 253 lít EBB2802K-H',N'Tủ lạnh 2 cửa','Electrolux','7990000',12),
		('DL.004275',N'Tủ lạnh Electrolux Inverter 335 lít EBB3702K-H',N'Tủ lạnh 2 cửa','Electrolux','11990000',15),
		('DL.002384',N'Tủ lạnh Samsung Inverter 319 lít RT32K5932BU/SV',N'Tủ lạnh 2 cửa','Samsung','10990000',20),
		('DL.001872',N'Tủ lạnh Panasonic Inverter 255 lít NR-BV280WKVN',N'Tủ lạnh 2 cửa','Panasonic','12990000',20),
		('DL.000646',N'Tủ lạnh Panasonic Inverter 255 lít NR-BV280QSVN',N'Tủ lạnh 2 cửa','Panasonic','10990000',20),
		('DL.004204',N'Tủ lạnh Sharp Inverter 520 lít SJ-FXP600VG-BK',N'Tủ lạnh 3 - 4 cửa','Sharp','24990000',20);
insert into SanPham(Masp,Tensp,LoaiSp,ThuongHieu,Gia,SoLuong)
	values('DL.004331',N'Tủ lạnh Panasonic Inverter 550 lít NR-DZ601VGKV',N'Tủ lạnh 3 - 4 cửa','Panasonic','35090000',50),
		('DL.004239',N'Tủ lạnh Samsung Inverter 488 lít RF48A4010B4/SV',N'Tủ lạnh 3 - 4 cửa','Samsung','19990000',10),
		('DL.000782',N'Tủ lạnh Aqua Inverter 456 lít AQR-IGW525EM(GB)',N'Tủ lạnh 3 - 4 cửa','Aqua','21990000',10),
		('DL.000638',N'Tủ lạnh Mitsubishi Inverter 365 lít MR-CGX46EN-GBR-V',N'Tủ lạnh 3 - 4 cửa','Mitsubishi','18990000',15),
		('DL.003635',N'Tủ lạnh Aqua Inverter 549 lít AQR-IG636FM(GB)',N'Tủ lạnh 3 - 4 cửa','Aqua','23990000',10);
insert into SanPham(Masp,Tensp,LoaiSp,ThuongHieu,Gia,SoLuong)
	values('AV.001708',N'Smart Tivi LG NanoCell 8K 55 inch 55NANO95TNA',N'Tivi 8k','Lg','28990000',10);
insert into SanPham(Masp,Tensp,LoaiSp,ThuongHieu,Gia,SoLuong)
	values('AV.002410',N'Smart Tivi LG NanoCell 8K 75 inch 75NANO95TPA',N'Tivi 8k','Lg','10989000',10),
		('AV.000901',N'Smart Tivi QLED Samsung 8K 75 inch QA75Q950TS',N'Tivi 8k','Samsung','12489000',10),
		('00033679',N'Smart Tivi QLED Samsung 8K 75 inch QA75Q900R',N'Tivi 8k','Samsung','7199000',10),
		('00033682',N'Smart Tivi QLED Samsung 8K 82 inch QA82Q900R',N'Tivi 8k','Samsung','10499000',1),
		('AV.000910',N'Smart Tivi QLED Samsung 8K 75 inch QA75Q800T',N'Tivi 8k','Samsung','79990000',10),
		('AV.001456',N'Smart Tivi LG NanoCell 8K 75 inch 75NANO95TNA',N'Tivi 8k','Lg','52490000',10),
		('AV.001459',N'Smart Tivi LG NanoCell 8K 65 inch 65NANO95TNA',N'Tivi 8k','Lg','47590000',12),
		('AV.002411',N'Smart Tivi LG NanoCell 8K 65 inch 65NANO95TPA',N'Tivi 8k','Lg','74990000',15),
		('AV.001206',N'Android Tivi Sony 8K 85 inch KD-85Z8H',N'Tivi 8k','Sony','18970000',5),
		('AV.001420',N'Smart Tivi OLED LG 8K 77 inch OLED77ZXPTA',N'Tivi 8k','Lg','49000000',2);
insert into SanPham(Masp,Tensp,LoaiSp,ThuongHieu,Gia,SoLuong)
	values('AV.002221',N'Smart Tivi Neo QLED Samsung 8K 65 inch QA65QN900A',N'Tivi 8k','Samsung','11986700',16),
		('AV.002224',N'Smart Tivi Neo QLED Samsung 8K 65 inch QA65QN800A',N'Tivi 8k','Samsung','88890000',1),
		('00033675',N'Smart Tivi QLED Samsung 8K 65 inch QA65Q900R',N'Tivi 8k','Samsung','42490000',18),
		('AV.000544',N'Smart Tivi QLED Samsung 8K 55 inch QA55Q900R',N'Tivi 8k','Samsung','34990000',12),
		('AV.000898',N'Smart Tivi QLED Samsung 8K 85 inch QA85Q950TS',N'Tivi 8k','Samsung','16499000',10),
		('00030980',N'Android Tivi Sharp 4K 50 inch LC-50UA6800X',N'Tivi 4k','Sharp','9490000',23),
		('00031454',N'Android Tivi Sharp 4K 60 inch LC-60UA6800X',N'Tivi 4k','Sharp','1399000',23),
		('00030375',N'Android Tivi Sony 4K 75 inch KD-75Z9F',N'Tivi 4k','Sony','44990000',6),
		('00030379',N'Android Tivi OLED Sony 4K 65 inch KD-65A9F',N'Tivi 4k','Sony','38990000',23),
		('00031468',N'Smart Tivi TOSHIBA 4K 50 Inch 50U7880VN',N'Tivi 4k','Toshiba','8490000',13),
		('00028056',N'Android Tivi TCL 4K 49 inch L49C2-UF',N'Tivi 4k','Tcl','7990000',10);
insert into SanPham(Masp,Tensp,LoaiSp,ThuongHieu,Gia,SoLuong)
	values('00028073',N'Smart Tivi Sharp 4K 60 inch LC-60UA440X',N'Tivi 4k','Sharp','11490000',5),
		('00027312',N'Smart Tivi QLED Samsung 4K 75 inch QA75Q9FAM',N'Tivi 4k','Samsung','24990000',6),
		('AV.002405',N'Smart Tivi OLED LG 4K 48 inch 48A1PTA',N'Tivi OLED','Lg','28999000',7),
		('00028814',N'Smart Tivi OLED LG 4K 77 inch 77W7T',N'Tivi OLED','Lg','84999000',3),
		('AV.002402',N'Smart Tivi OLED LG 4K 55 inch 55B1PTA',N'Tivi OLED','Lg','37900000',6),
		('AV.002400',N'Smart Tivi OLED LG 4K 48 inch 48C1PTB',N'Tivi OLED','Lg','31890000',8),
		('AV.002200',N'Smart Tivi Neo QLED Samsung 4K 50 inch QA50QN90A',N'Tivi Neo QLED','Samsung','34890000',8),
		('AV.002233',N'Smart Tivi Neo QLED Samsung 8K 85 inch QA85QN900A',N'Tivi Neo QLED','Samsung','99999000',1),		
		('00030567',N'Smart Tivi QLED Samsung 4K 55 inch QA55Q8CN',N'Tivi QLED','Samsung','17990000',8),
		('00026859',N'Smart Tivi QLED Samsung 4K 55 inch QA55Q8CAM',N'Tivi QLED','Samsung','16490000',6),
		('00027225',N'Loa SoundBar Samsung HW-K350/XV',N'Loa thanh Soundbar','Samsung','1690000',28),
		('00033753',N'Loa SoundBar Samsung HW-Q60R/XV',N'Loa thanh Soundbar','Samsung','4990000',12),
		('00025249',N'Loa SoundBar Sony HT-RT3M SP1',N'Loa thanh Soundbar','Samsung','5490000',10),
		('00013882',N'Dàn âm thanh Samsung HW-H551/XV',N'Loa thanh Soundbar','Samsung','3990000',9),
		('AV.001886',N'Loa Soundbar Sony HT-G700 C SP1',N'Loa thanh Soundbar','Sony','12990000',1),
		('AV.000502',N'Dàn âm thanh Sony GTK-PG10C SP6',N'Dàn âm thanh','Sony','5290000',5);
insert into SanPham(Masp,Tensp,LoaiSp,ThuongHieu,Gia,SoLuong)
	values('GS.006369',N'Loa LG Xboom ON5.DVNMLLK Karaoke, Bluetooth',N'Loa kéo','Lg','5490000',10),
		('00033291',N'Bình nóng lạnh gián tiếp Ariston 20 lít SL2 20 RS 2.5 FE MT',N'Bình nóng lạnh','Ariston',3190000,10),
		('00032087',N'Bình nóng lạnh gián tiếp Ariston 30 lít AN2 30 R 2.5 FE - MT',N'Bình nóng lạnh','Ariston',3250000,10),
		('GD.001462',N'Bình nóng lạnh gián tiếp Ariston 30 lít SL2 30 R 2.5 FE MT',N'Bình nóng lạnh','Ariston',3290000,10),
		('00022657',N'Bình nóng lạnh Ferroli 20 lít Verdi-TE 20',N'Bình nóng lạnh','Ferroli',2490000,10),
		('00022664',N'Bình nóng lạnh Ferroli 30 lít Verdi-SE 30',N'Bình nóng lạnh','Ferroli',2999000,10),
		('00032994',N'Bình nóng lạnh trực tiếp Ferroli RITA FS-4.5 TM',N'Bình nóng lạnh','Ferroli',999000,10),
		('00032391',N'Bình nóng lạnh Kangaroo 22 lít KG68A2',N'Bình nóng lạnh','Kangaroo',2690000,10),
		('GD.002349',N'Máy lọc nước Karofi 9 cấp N-E239',N'Máy lọc nước','Karofi',4990000,10),
		('00028804',N'Máy lọc nước R.O Hydrogen Kangaroo KG100HA-VTU',N'Máy lọc nước','Kangaroo',6290000,10),
		('00033338',N'Máy lọc nước đặt bàn A.O Smith M2',N'Máy lọc nước','AO-Smith',7490000,10),
		('00024769',N'Máy lọc nước uống tinh khiết R.O Hyundai HR-800M9-2',N'Máy lọc nước','Hyundai',7290000,10),
		('GD.001151',N'Máy lọc nước RO Sunhouse SHA8858K',N'Máy lọc nước','Sunhouse',4890000,10),
		('GD.001142',N'Máy lọc nước RO Hydrogen FujiE RO-990CAB',N'Máy lọc nước','Fujie',3990000,10),
		('GD.004403',N'Máy lọc nước RO Coway P-300L 5 lõi',N'Máy lọc nước','Coway',35600000,10),
		('GD.000713',N'Cây nước nóng lạnh Kangaroo KG50A3',N'Cây nước nóng lạnh','Kangaroo',31900000,10),
		('00032063',N'Nồi cơm điện tử cao tần Sharp 1.8 lít KS-IH190V-GL',N'Nồi cơm điện','Sharp',16900000,10);

INSERT INTO HinhAnh
	VALUES('00029913','https://hc.com.vn/i/ecommerce/media/00029913_FEATURE_52755.jpg','https://hc.com.vn/i/ecommerce/media/00029913_FEATURE_52756.jpg','https://hc.com.vn/i/ecommerce/media/00029913_FEATURE_52757.jpg','https://hc.com.vn/i/ecommerce/media/00029913_FEATURE_52758.jpg','https://hc.com.vn/i/ecommerce/media/00029913_FEATURE_52759.jpg','https://hc.com.vn/i/ecommerce/media/00029913_FEATURE_52760.jpg'),
		('DL.002009','https://hc.com.vn/i/ecommerce/media/DL.002009_FEATURE_66711.jpg','https://hc.com.vn/i/ecommerce/media/DL.002009_FEATURE_66712.jpg','https://hc.com.vn/i/ecommerce/media/DL.002009_FEATURE_66713.jpg','https://hc.com.vn/i/ecommerce/media/DL.002009_FEATURE_66714.jpg','https://hc.com.vn/i/ecommerce/media/DL.002009_FEATURE_77115.jpg','https://hc.com.vn/i/ecommerce/media/DL.002009_FEATURE_77116.jpg'),
		('DL.002006','https://hc.com.vn/i/ecommerce/media/DL.002006_FEATURE_57393.jpg','https://hc.com.vn/i/ecommerce/media/DL.002006_FEATURE_57394.jpg','https://hc.com.vn/i/ecommerce/media/DL.002006_FEATURE_57395.jpg','','','');
INSERT INTO HinhAnh
	VALUES('00030532','https://hc.com.vn/i/ecommerce/media/00030532_FEATURE_32579.jpg','https://hc.com.vn/i/ecommerce/media/00030532_FEATURE_52748.jpg','https://hc.com.vn/i/ecommerce/media/00030532_FEATURE_52749.jpg','https://hc.com.vn/i/ecommerce/media/00030532_FEATURE_52750.jpg','',''),
		('DL.002387','https://hc.com.vn/i/ecommerce/media/DL.002387_FEATURE_64884.png','https://hc.com.vn/i/ecommerce/media/DL.002387_FEATURE_64887.png','https://hc.com.vn/i/ecommerce/media/DL.002387_FEATURE_64888.png','https://hc.com.vn/i/ecommerce/media/DL.002387_FEATURE_64971.png','https://hc.com.vn/i/ecommerce/media/DL.002387_FEATURE_64972.png',''),
		('DL.004018','https://hc.com.vn/i/ecommerce/media/DL.004018_FEATURE_83314.png','https://hc.com.vn/i/ecommerce/media/DL.004018_FEATURE_83315.png','https://hc.com.vn/i/ecommerce/media/DL.004018_FEATURE_83316.png','https://hc.com.vn/i/ecommerce/media/DL.004018_FEATURE_83317.png','',''),
		('00034288','https://hc.com.vn/i/ecommerce/media/00034288_FEATURE_66528.jpg','https://hc.com.vn/i/ecommerce/media/00034288_FEATURE_54483.jpg','https://hc.com.vn/i/ecommerce/media/00034288_FEATURE_54484.jpg','https://hc.com.vn/i/ecommerce/media/00034288_FEATURE_54485.jpg','https://hc.com.vn/i/ecommerce/media/00034288_FEATURE_54486.jpg','https://hc.com.vn/i/ecommerce/media/00034288_FEATURE_54487.jpg'),
		('DL.002458','https://hc.com.vn/i/ecommerce/media/DL.002458_FEATURE_64862.jpg','https://hc.com.vn/i/ecommerce/media/DL.002458_FEATURE_64865.jpg','https://hc.com.vn/i/ecommerce/media/DL.002458_FEATURE_64866.jpg','https://hc.com.vn/i/ecommerce/media/DL.002458_FEATURE_64969.jpg','https://hc.com.vn/i/ecommerce/media/DL.002458_FEATURE_64970.jpg','https://hc.com.vn/i/ecommerce/media/DL.002458_FEATURE_64867.jpg'),
		('DL.003538','https://hc.com.vn/i/ecommerce/media/DL.003538_FEATURE_74271.jpg','https://hc.com.vn/i/ecommerce/media/DL.003538_FEATURE_74272.jpg','https://hc.com.vn/i/ecommerce/media/DL.003538_FEATURE_74273.jpg','https://hc.com.vn/i/ecommerce/media/DL.003538_FEATURE_74274.jpg','https://hc.com.vn/i/ecommerce/media/DL.003538_FEATURE_74275.jpg',''),
		('DL.004262','https://hc.com.vn/i/ecommerce/media/DL.004262_FEATURE_81261.jpg','https://hc.com.vn/i/ecommerce/media/DL.004262_FEATURE_81262.jpg','https://hc.com.vn/i/ecommerce/media/DL.004262_FEATURE_81264.jpg','https://hc.com.vn/i/ecommerce/media/DL.004262_FEATURE_81265.jpg','',''),
		('DL.004275','https://hc.com.vn/i/ecommerce/media/DL.004275_FEATURE_81190.jpg','https://hc.com.vn/i/ecommerce/media/DL.004275_FEATURE_81191.jpg','https://hc.com.vn/i/ecommerce/media/DL.004275_FEATURE_81192.jpg','https://hc.com.vn/i/ecommerce/media/DL.004275_FEATURE_81193.jpg','','');
INSERT INTO HinhAnh
	VALUES('DL.002384','https://hc.com.vn/i/ecommerce/media/DL.002384_FEATURE_64410.jpg','https://hc.com.vn/i/ecommerce/media/DL.002384_FEATURE_64411.jpg','https://hc.com.vn/i/ecommerce/media/DL.002384_FEATURE_64412.jpg','https://hc.com.vn/i/ecommerce/media/DL.002384_FEATURE_64413.jpg','https://hc.com.vn/i/ecommerce/media/DL.002384_FEATURE_64414.jpg','https://hc.com.vn/i/ecommerce/media/DL.002384_FEATURE_64415.jpg'),
		('DL.001872','https://hc.com.vn/i/ecommerce/media/DL.001872_FEATURE_57400.jpg','https://hc.com.vn/i/ecommerce/media/DL.001872_FEATURE_57401.jpg','https://hc.com.vn/i/ecommerce/media/DL.001872_FEATURE_62297.png','https://hc.com.vn/i/ecommerce/media/DL.001872_FEATURE_62296.png','https://hc.com.vn/i/ecommerce/media/DL.001872_FEATURE_62298.png','https://hc.com.vn/i/ecommerce/media/DL.001872_FEATURE_62299.png'),
		('DL.000646','https://hc.com.vn/i/ecommerce/media/DL.000646_FEATURE_42063.jpg','https://hc.com.vn/i/ecommerce/media/DL.000646_FEATURE_42064.jpg','https://hc.com.vn/i/ecommerce/media/DL.000646_FEATURE_42065.jpg','https://hc.com.vn/i/ecommerce/media/DL.000646_FEATURE_42066.jpg','https://hc.com.vn/i/ecommerce/media/DL.000646_FEATURE_42067.jpg','https://hc.com.vn/i/ecommerce/media/DL.000646_FEATURE_42063.jpg'),
		('DL.004204','https://hc.com.vn/i/ecommerce/media/DL.004204_FEATURE_83756.jpg','https://hc.com.vn/i/ecommerce/media/DL.004204_FEATURE_83757.jpg','https://hc.com.vn/i/ecommerce/media/DL.004204_FEATURE_83758.jpg','https://hc.com.vn/i/ecommerce/media/DL.004204_FEATURE_83759.jpg','',''),
		('DL.004331','https://hc.com.vn/i/ecommerce/media/DL.004331_FEATURE_86235.jpg','https://hc.com.vn/i/ecommerce/media/DL.004331_FEATURE_86236.jpg','https://hc.com.vn/i/ecommerce/media/DL.004331_FEATURE_86237.jpg','https://hc.com.vn/i/ecommerce/media/DL.004331_FEATURE_86238.jpg','https://hc.com.vn/i/ecommerce/media/DL.004331_FEATURE_86239.jpg','https://hc.com.vn/i/ecommerce/media/DL.004331_FEATURE_86240.jpg'),
		('DL.004239','https://hc.com.vn/i/ecommerce/media/DL.004239_FEATURE_84591.jpg','https://hc.com.vn/i/ecommerce/media/DL.004239_FEATURE_84592.jpg','https://hc.com.vn/i/ecommerce/media/DL.004239_FEATURE_84593.jpg','https://hc.com.vn/i/ecommerce/media/DL.004239_FEATURE_84594.jpg','https://hc.com.vn/i/ecommerce/media/DL.004239_FEATURE_84595.jpg','https://hc.com.vn/i/ecommerce/media/DL.004239_FEATURE_84596.jpg'),
		('DL.000782','https://hc.com.vn/i/ecommerce/media/DL.000782_FEATURE_42085.jpg','https://hc.com.vn/i/ecommerce/media/DL.000782_FEATURE_42086.jpg','https://hc.com.vn/i/ecommerce/media/DL.000782_FEATURE_42087.jpg','https://hc.com.vn/i/ecommerce/media/DL.000782_FEATURE_42088.jpg','https://hc.com.vn/i/ecommerce/media/DL.000782_FEATURE_42089.jpg','https://hc.com.vn/i/ecommerce/media/DL.000782_FEATURE_42090.jpg'),
		('DL.000638','https://hc.com.vn/i/ecommerce/media/DL.000638_FEATURE_42060.jpg','https://hc.com.vn/i/ecommerce/media/DL.000638_FEATURE_42061.jpg','https://hc.com.vn/i/ecommerce/media/DL.000638_FEATURE_76092.jpg','https://hc.com.vn/i/ecommerce/media/DL.000638_FEATURE_76093.jpg','https://hc.com.vn/i/ecommerce/media/DL.000638_FEATURE_76094.jpg','https://hc.com.vn/i/ecommerce/media/DL.000638_FEATURE_76095.jpg'),
		('DL.003635','https://hc.com.vn/i/ecommerce/media/DL.003635_FEATURE_74284.jpg','https://hc.com.vn/i/ecommerce/media/DL.003635_FEATURE_74285.jpg','https://hc.com.vn/i/ecommerce/media/DL.003635_FEATURE_74286.jpg','https://hc.com.vn/i/ecommerce/media/DL.003635_FEATURE_74284.jpg','https://hc.com.vn/i/ecommerce/media/DL.003635_FEATURE_74285.jpg','https://hc.com.vn/i/ecommerce/media/DL.003635_FEATURE_74286.jpg');
INSERT INTO HinhAnh
	VALUES('AV.001708','https://hc.com.vn/i/ecommerce/media/AV.001708_FEATURE_67662.jpg','https://hc.com.vn/i/ecommerce/media/AV.001708_FEATURE_67664.jpg','https://hc.com.vn/i/ecommerce/media/AV.001708_FEATURE_67671.jpg','https://hc.com.vn/i/ecommerce/media/AV.001708_FEATURE_67672.jpg','https://hc.com.vn/i/ecommerce/media/AV.001708_FEATURE_67674.jpg',''),
		('AV.002410','https://hc.com.vn/i/ecommerce/media/AV.002410_FEATURE_85641.jpg','https://hc.com.vn/i/ecommerce/media/AV.002410_FEATURE_85642.jpg','https://hc.com.vn/i/ecommerce/media/AV.002410_FEATURE_85643.jpg','https://hc.com.vn/i/ecommerce/media/AV.002410_FEATURE_85644.jpg','https://hc.com.vn/i/ecommerce/media/AV.002410_FEATURE_85645.jpg','https://hc.com.vn/i/ecommerce/media/AV.002410_FEATURE_85646.jpg'),
		('AV.000901','https://hc.com.vn/i/ecommerce/media/AV.000901_FEATURE_58311.jpg','https://hc.com.vn/i/ecommerce/media/AV.000901_FEATURE_58312.jpg','https://hc.com.vn/i/ecommerce/media/AV.000901_FEATURE_58314.jpg','https://hc.com.vn/i/ecommerce/media/AV.000901_FEATURE_58315.jpg','https://hc.com.vn/i/ecommerce/media/AV.000901_FEATURE_58316.jpg','https://hc.com.vn/i/ecommerce/media/AV.000901_FEATURE_58317.jpg'),
		('00033679','https://hc.com.vn/i/ecommerce/media/00033679_FEATURE_38665.jpg','https://hc.com.vn/i/ecommerce/media/00033679_FEATURE_38666.jpg','https://hc.com.vn/i/ecommerce/media/00033679_FEATURE_38667.jpg','','',''),
		('00033682','https://hc.com.vn/i/ecommerce/media/00033682_FEATURE_38654.jpg','https://hc.com.vn/i/ecommerce/media/00033682_FEATURE_53358.jpg','https://hc.com.vn/i/ecommerce/media/00033682_FEATURE_55352.jpg','https://hc.com.vn/i/ecommerce/media/00033682_FEATURE_55353.jpg','https://hc.com.vn/i/ecommerce/media/00033682_FEATURE_55354.jpg','https://hc.com.vn/i/ecommerce/media/00033682_FEATURE_55355.jpg'),
		('AV.000910','https://hc.com.vn/i/ecommerce/media/AV.000910_FEATURE_58230.jpg','https://hc.com.vn/i/ecommerce/media/AV.000910_FEATURE_58231.jpg','https://hc.com.vn/i/ecommerce/media/AV.000910_FEATURE_58232.jpg','https://hc.com.vn/i/ecommerce/media/AV.000910_FEATURE_58233.jpg','https://hc.com.vn/i/ecommerce/media/AV.000910_FEATURE_58234.jpg','https://hc.com.vn/i/ecommerce/media/AV.000910_FEATURE_58235.jpg'),
		('AV.001456','https://hc.com.vn/i/ecommerce/media/AV.001456_FEATURE_67498.jpg','https://hc.com.vn/i/ecommerce/media/AV.001456_FEATURE_67499.jpg','https://hc.com.vn/i/ecommerce/media/AV.001456_FEATURE_67500.jpg','https://hc.com.vn/i/ecommerce/media/AV.001456_FEATURE_67501.jpg','https://hc.com.vn/i/ecommerce/media/AV.001456_FEATURE_67502.jpg','https://hc.com.vn/i/ecommerce/media/AV.001456_FEATURE_67503.jpg'),
		('AV.001459','https://hc.com.vn/i/ecommerce/media/AV.001459_FEATURE_67790.jpg','https://hc.com.vn/i/ecommerce/media/AV.001459_FEATURE_67791.jpg','https://hc.com.vn/i/ecommerce/media/AV.001459_FEATURE_67792.jpg','https://hc.com.vn/i/ecommerce/media/AV.001459_FEATURE_67793.jpg','https://hc.com.vn/i/ecommerce/media/AV.001459_FEATURE_67794.jpg','https://hc.com.vn/i/ecommerce/media/AV.001459_FEATURE_67795.jpg'),
		('AV.002411','https://hc.com.vn/i/ecommerce/media/AV.002411_FEATURE_85635.jpg','https://hc.com.vn/i/ecommerce/media/AV.002411_FEATURE_85636.jpg','https://hc.com.vn/i/ecommerce/media/AV.002411_FEATURE_85637.jpg','https://hc.com.vn/i/ecommerce/media/AV.002411_FEATURE_85638.jpg','https://hc.com.vn/i/ecommerce/media/AV.002411_FEATURE_85639.jpg','https://hc.com.vn/i/ecommerce/media/AV.002411_FEATURE_85640.jpg'),
		('AV.001206','https://hc.com.vn/i/ecommerce/media/AV.001206_FEATURE_62917.jpg','https://hc.com.vn/i/ecommerce/media/AV.001206_FEATURE_62918.jpg','https://hc.com.vn/i/ecommerce/media/AV.001206_FEATURE_62919.jpg','https://hc.com.vn/i/ecommerce/media/AV.001206_FEATURE_62920.jpg','https://hc.com.vn/i/ecommerce/media/AV.001206_FEATURE_62921.jpg','https://hc.com.vn/i/ecommerce/media/AV.001206_FEATURE_62922.jpg'),
		('AV.001420','https://hc.com.vn/i/ecommerce/media/AV.001420_FEATURE_67642.jpg','https://hc.com.vn/i/ecommerce/media/AV.001420_FEATURE_67643.jpg','https://hc.com.vn/i/ecommerce/media/AV.001420_FEATURE_67644.jpg','https://hc.com.vn/i/ecommerce/media/AV.001420_FEATURE_67645.jpg','https://hc.com.vn/i/ecommerce/media/AV.001420_FEATURE_67646.jpg','https://hc.com.vn/i/ecommerce/media/AV.001420_FEATURE_67647.jpg'),
		('AV.002221','https://hc.com.vn/i/ecommerce/media/AV.002221_FEATURE_79100.jpg','https://hc.com.vn/i/ecommerce/media/AV.002221_FEATURE_79102.jpg','https://hc.com.vn/i/ecommerce/media/AV.002221_FEATURE_79104.jpg','https://hc.com.vn/i/ecommerce/media/AV.002221_FEATURE_79107.jpg','https://hc.com.vn/i/ecommerce/media/AV.002221_FEATURE_79109.jpg','https://hc.com.vn/i/ecommerce/media/AV.002221_FEATURE_79111.jpg'),
		('AV.002224','https://hc.com.vn/i/ecommerce/media/AV.002224_FEATURE_79062.jpg','https://hc.com.vn/i/ecommerce/media/AV.002224_FEATURE_79063.jpg','https://hc.com.vn/i/ecommerce/media/AV.002224_FEATURE_79064.jpg','https://hc.com.vn/i/ecommerce/media/AV.002224_FEATURE_79065.jpg','https://hc.com.vn/i/ecommerce/media/AV.002224_FEATURE_79066.jpg','https://hc.com.vn/i/ecommerce/media/AV.002224_FEATURE_79067.jpg'),
		('00033675','https://hc.com.vn/i/ecommerce/media/00033675_FEATURE_55477.jpg','https://hc.com.vn/i/ecommerce/media/00033675_FEATURE_55478.jpg','https://hc.com.vn/i/ecommerce/media/00033675_FEATURE_55479.jpg','https://hc.com.vn/i/ecommerce/media/00033675_FEATURE_55480.jpg','https://hc.com.vn/i/ecommerce/media/00033675_FEATURE_55481.jpg','https://hc.com.vn/i/ecommerce/media/00033675_FEATURE_55482.jpg'),
		('AV.000544','https://hc.com.vn/i/ecommerce/media/AV.000544_FEATURE_49726.jpg','https://hc.com.vn/i/ecommerce/media/AV.000544_FEATURE_49727.jpg','https://hc.com.vn/i/ecommerce/media/AV.000544_FEATURE_49728.jpg','https://hc.com.vn/i/ecommerce/media/AV.000544_FEATURE_49729.jpg','',''),
		('AV.000898','https://hc.com.vn/i/ecommerce/media/AV.000898_FEATURE_58319.jpg','https://hc.com.vn/i/ecommerce/media/AV.000898_FEATURE_58320.jpg','https://hc.com.vn/i/ecommerce/media/AV.000898_FEATURE_58321.jpg','https://hc.com.vn/i/ecommerce/media/AV.000898_FEATURE_58322.jpg','https://hc.com.vn/i/ecommerce/media/AV.000898_FEATURE_58323.jpg','https://hc.com.vn/i/ecommerce/media/AV.000898_FEATURE_58324.jpg'),
		('00030980','https://hc.com.vn/i/ecommerce/media/00030980_FEATURE_19438.jpg','https://hc.com.vn/i/ecommerce/media/00030980_FEATURE_19439.jpg','','','',''),
		('00031454','https://hc.com.vn/i/ecommerce/media/00031454_FEATURE_19535.jpg','https://hc.com.vn/i/ecommerce/media/00031454_FEATURE_19536.jpg','https://hc.com.vn/i/ecommerce/media/00031454_FEATURE_19537.jpg','','',''),
		('00030375','https://hc.com.vn/i/ecommerce/media/00030375_FEATURE_19690.jpg','https://hc.com.vn/i/ecommerce/media/00030375_FEATURE_19692.jpg','','','',''),
		('00030379','https://hc.com.vn/i/ecommerce/media/00030379_FEATURE_53496.jpg','https://hc.com.vn/i/ecommerce/media/00030379_FEATURE_53495.jpg','https://hc.com.vn/i/ecommerce/media/00030379_FEATURE_53497.jpg','https://hc.com.vn/i/ecommerce/media/00030379_FEATURE_53499.jpg','https://hc.com.vn/i/ecommerce/media/00030379_FEATURE_53500.jpg','https://hc.com.vn/i/ecommerce/media/00030379_FEATURE_53501.jpg'),
		('00031468','https://hc.com.vn/i/ecommerce/media/00031468_FEATURE_38768.jpg','https://hc.com.vn/i/ecommerce/media/00031468_FEATURE_38769.jpg','https://hc.com.vn/i/ecommerce/media/00031468_FEATURE_38770.jpg','','',''),
		('00028056','https://hc.com.vn/i/ecommerce/media/00028056_FEATURE_18244.jpg','https://hc.com.vn/i/ecommerce/media/00028056_FEATURE_18245.jpg','https://hc.com.vn/i/ecommerce/media/00028056_FEATURE_18246.jpg','','',''),
		('00028073','https://hc.com.vn/i/ecommerce/media/00028073_FEATURE_11508.jpg','https://hc.com.vn/i/ecommerce/media/00028073_FEATURE_11509.jpg','','','',''),
		('00027312','https://hc.com.vn/i/ecommerce/media/00027312_FEATURE_53303.jpg','https://hc.com.vn/i/ecommerce/media/00027312_FEATURE_53304.jpg','https://hc.com.vn/i/ecommerce/media/00027312_FEATURE_53305.jpg','https://hc.com.vn/i/ecommerce/media/00027312_FEATURE_53306.jpg','https://hc.com.vn/i/ecommerce/media/00027312_FEATURE_53307.jpg','https://hc.com.vn/i/ecommerce/media/00027312_FEATURE_53308.jpg'),
		('AV.002405','https://hc.com.vn/i/ecommerce/media/AV.002405_FEATURE_84246.jpg','https://hc.com.vn/i/ecommerce/media/AV.002405_FEATURE_84247.jpg','https://hc.com.vn/i/ecommerce/media/AV.002405_FEATURE_84248.jpg','https://hc.com.vn/i/ecommerce/media/AV.002405_FEATURE_84249.jpg','https://hc.com.vn/i/ecommerce/media/AV.002405_FEATURE_84250.jpg','https://hc.com.vn/i/ecommerce/media/AV.002405_FEATURE_84251.jpg'),
		('00028814','https://hc.com.vn/i/ecommerce/media/00028814_FEATURE_54842.jpg','https://hc.com.vn/i/ecommerce/media/00028814_FEATURE_54843.jpg','https://hc.com.vn/i/ecommerce/media/00028814_FEATURE_54844.jpg','https://hc.com.vn/i/ecommerce/media/00028814_FEATURE_54845.jpg','https://hc.com.vn/i/ecommerce/media/00028814_FEATURE_54846.jpg','https://hc.com.vn/i/ecommerce/media/00028814_FEATURE_54847.jpg'),
		('AV.002402','https://hc.com.vn/i/ecommerce/media/AV.002402_FEATURE_84303.jpg','https://hc.com.vn/i/ecommerce/media/AV.002402_FEATURE_84304.jpg','https://hc.com.vn/i/ecommerce/media/AV.002402_FEATURE_84305.jpg','https://hc.com.vn/i/ecommerce/media/AV.002402_FEATURE_84306.jpg','https://hc.com.vn/i/ecommerce/media/AV.002402_FEATURE_84307.jpg','https://hc.com.vn/i/ecommerce/media/AV.002402_FEATURE_84308.jpg'),
		('AV.002400','https://hc.com.vn/i/ecommerce/media/AV.002400_FEATURE_84267.jpg','https://hc.com.vn/i/ecommerce/media/AV.002400_FEATURE_84268.jpg','https://hc.com.vn/i/ecommerce/media/AV.002400_FEATURE_84269.jpg','https://hc.com.vn/i/ecommerce/media/AV.002400_FEATURE_84270.jpg','https://hc.com.vn/i/ecommerce/media/AV.002400_FEATURE_84271.jpg','https://hc.com.vn/i/ecommerce/media/AV.002400_FEATURE_84272.jpg'),
		('AV.002200','https://hc.com.vn/i/ecommerce/media/AV.002200_FEATURE_79148.jpg','https://hc.com.vn/i/ecommerce/media/AV.002200_FEATURE_79149.jpg','https://hc.com.vn/i/ecommerce/media/AV.002200_FEATURE_79150.jpg','https://hc.com.vn/i/ecommerce/media/AV.002200_FEATURE_79151.jpg','https://hc.com.vn/i/ecommerce/media/AV.002200_FEATURE_79152.jpg','https://hc.com.vn/i/ecommerce/media/AV.002200_FEATURE_79153.jpg'),
		('AV.002233','https://hc.com.vn/i/ecommerce/media/AV.002233_FEATURE_78909.jpg','https://hc.com.vn/i/ecommerce/media/AV.002233_FEATURE_78911.jpg','https://hc.com.vn/i/ecommerce/media/AV.002233_FEATURE_78912.jpg','https://hc.com.vn/i/ecommerce/media/AV.002233_FEATURE_78915.jpg','https://hc.com.vn/i/ecommerce/media/AV.002233_FEATURE_78917.jpg','https://hc.com.vn/i/ecommerce/media/AV.002233_FEATURE_78921.jpg'),
		('00030567','https://hc.com.vn/i/ecommerce/media/00030567_FEATURE_53299.jpg','https://hc.com.vn/i/ecommerce/media/00030567_FEATURE_24742.jpg','https://hc.com.vn/i/ecommerce/media/00030567_FEATURE_24743.jpg','https://hc.com.vn/i/ecommerce/media/00030567_FEATURE_24744.jpg','https://hc.com.vn/i/ecommerce/media/00030567_FEATURE_24745.jpg','https://hc.com.vn/i/ecommerce/media/00030567_FEATURE_53300.jpg'),
		('00026859','https://hc.com.vn/i/ecommerce/media/00026859_FEATURE_53291.jpg','https://hc.com.vn/i/ecommerce/media/00026859_FEATURE_53292.jpg','https://hc.com.vn/i/ecommerce/media/00026859_FEATURE_53293.jpg','https://hc.com.vn/i/ecommerce/media/00026859_FEATURE_53294.jpg','https://hc.com.vn/i/ecommerce/media/00026859_FEATURE_53295.jpg','https://hc.com.vn/i/ecommerce/media/00026859_FEATURE_53296.jpg'),
		('00027225','https://hc.com.vn/i/ecommerce/media/00027225_DESKTOP_48385.jpg','','','','',''),
		('00033753','https://hc.com.vn/i/ecommerce/media/00033753_FEATURE_48863.jpg','https://hc.com.vn/i/ecommerce/media/00033753_FEATURE_48864.jpg','https://hc.com.vn/i/ecommerce/media/00033753_FEATURE_48865.jpg','https://hc.com.vn/i/ecommerce/media/00033753_FEATURE_48866.jpg','https://hc.com.vn/i/ecommerce/media/00033753_FEATURE_48867.jpg','https://hc.com.vn/i/ecommerce/media/00033753_FEATURE_48868.jpg'),
		('00025249','https://hc.com.vn/i/ecommerce/media/00025249_FEATURE_47474.jpg','https://hc.com.vn/i/ecommerce/media/00025249_FEATURE_47476.jpg','https://hc.com.vn/i/ecommerce/media/00025249_FEATURE_47477.jpg','https://hc.com.vn/i/ecommerce/media/00025249_FEATURE_47478.jpg','https://hc.com.vn/i/ecommerce/media/00025249_FEATURE_47474.jpg',''),
		('00013882','https://hc.com.vn/i/ecommerce/media/00013882_FEATURE_43231.jpg','','','','','');
INSERT INTO HinhAnh
	VALUES('AV.001886','https://hc.com.vn/i/ecommerce/media/AV.001886_FEATURE_74316.jpg','https://hc.com.vn/i/ecommerce/media/AV.001886_FEATURE_74317.jpg','https://hc.com.vn/i/ecommerce/media/AV.001886_FEATURE_74318.jpg','https://hc.com.vn/i/ecommerce/media/AV.001886_FEATURE_74319.jpg','https://hc.com.vn/i/ecommerce/media/AV.001886_FEATURE_74320.jpg','https://hc.com.vn/i/ecommerce/media/AV.001886_FEATURE_74321.jpg'),
		('AV.000502','https://hc.com.vn/i/ecommerce/media/AV.000502_FEATURE_48040.jpg','https://hc.com.vn/i/ecommerce/media/AV.000502_FEATURE_48041.jpg','https://hc.com.vn/i/ecommerce/media/AV.000502_FEATURE_48042.jpg','','',''),
		('GS.006369','https://hc.com.vn/i/ecommerce/media/GS.006369_FEATURE_73618.jpg','https://hc.com.vn/i/ecommerce/media/GS.006369_FEATURE_73619.jpg','https://hc.com.vn/i/ecommerce/media/GS.006369_FEATURE_73620.jpg','https://hc.com.vn/i/ecommerce/media/GS.006369_FEATURE_73621.jpg','',''),
		('00033291','https://hc.com.vn/i/ecommerce/media/00033291_FEATURE_44046.jpg','https://hc.com.vn/i/ecommerce/media/00033291_FEATURE_44047.jpg','https://hc.com.vn/i/ecommerce/media/00033291_FEATURE_44048.jpg','https://hc.com.vn/i/ecommerce/media/00033291_FEATURE_44049.jpg','https://hc.com.vn/i/ecommerce/media/00033291_FEATURE_44050.jpg',''),
		('00032087','https://hc.com.vn/i/ecommerce/media/00032087_FEATURE_44516.jpg','https://hc.com.vn/i/ecommerce/media/00032087_FEATURE_44517.jpg','https://hc.com.vn/i/ecommerce/media/00032087_FEATURE_53944.jpg','','',''),
		('GD.001462','https://hc.com.vn/i/ecommerce/media/GD.001462_FEATURE_72836.jpg','https://hc.com.vn/i/ecommerce/media/GD.001462_FEATURE_72837.jpg','','','',''),
		('00022657','https://hc.com.vn/i/ecommerce/media/00022657_FEATURE_50887.jpg','https://hc.com.vn/i/ecommerce/media/00022657_FEATURE_50888.jpg','https://hc.com.vn/i/ecommerce/media/00022657_FEATURE_50889.jpg','https://hc.com.vn/i/ecommerce/media/00022657_FEATURE_50890.jpg','https://hc.com.vn/i/ecommerce/media/00022657_FEATURE_50891.jpg',''),
		('00022664','https://hc.com.vn/i/ecommerce/media/00022664_FEATURE_50974.jpg','https://hc.com.vn/i/ecommerce/media/00022664_FEATURE_50975.jpg','','','',''),
		('00032994','https://hc.com.vn/i/ecommerce/media/00032994_FEATURE_57797.jpg','https://hc.com.vn/i/ecommerce/media/00032994_FEATURE_46385.jpg','','','',''),
		('00032391','https://hc.com.vn/i/ecommerce/media/00032391_FEATURE_73299.jpg','https://hc.com.vn/i/ecommerce/media/00032391_FEATURE_73300.jpg','https://hc.com.vn/i/ecommerce/media/00032391_FEATURE_73301.jpg','https://hc.com.vn/i/ecommerce/media/00032391_FEATURE_73302.jpg','',''),
		('GD.002349','https://hc.com.vn/i/ecommerce/media/GD.002349_FEATURE_61940.jpg','https://hc.com.vn/i/ecommerce/media/GD.002349_FEATURE_61941.png','https://hc.com.vn/i/ecommerce/media/GD.002349_FEATURE_76507.jpg','https://hc.com.vn/i/ecommerce/media/GD.002349_FEATURE_76508.jpg','https://hc.com.vn/i/ecommerce/media/GD.002349_FEATURE_76509.jpg',''),
		('00028804','https://hc.com.vn/i/ecommerce/media/00028804_FEATURE_8464.jpg','https://hc.com.vn/i/ecommerce/media/00028804_FEATURE_8466.jpg','https://hc.com.vn/i/ecommerce/media/00028804_FEATURE_8465.jpg','https://hc.com.vn/i/ecommerce/media/00028804_FEATURE_8467.jpg','https://hc.com.vn/i/ecommerce/media/00028804_FEATURE_8468.jpg',''),
		('00033338','https://hc.com.vn/i/ecommerce/media/00033338_FEATURE_40170.jpg','https://hc.com.vn/i/ecommerce/media/00033338_FEATURE_40171.jpg','https://hc.com.vn/i/ecommerce/media/00033338_FEATURE_40172.jpg','https://hc.com.vn/i/ecommerce/media/00033338_FEATURE_40173.jpg','',''),
		('00024769','https://hc.com.vn/i/ecommerce/media/00024769_DESKTOP_12442.jpg','','','','',''),
		('GD.001151','https://hc.com.vn/i/ecommerce/media/GD.001151_FEATURE_49213.jpg','https://hc.com.vn/i/ecommerce/media/GD.001151_FEATURE_49214.jpg','https://hc.com.vn/i/ecommerce/media/GD.001151_FEATURE_49215.jpg','','',''),
		('GD.001142','https://hc.com.vn/i/ecommerce/media/GD.001142_FEATURE_49225.jpg','https://hc.com.vn/i/ecommerce/media/GD.001142_FEATURE_49226.jpg','https://hc.com.vn/i/ecommerce/media/GD.001142_FEATURE_49227.jpg','','',''),
		('GD.004403','https://hc.com.vn/i/ecommerce/media/GD.004403_FEATURE_83915.png','https://hc.com.vn/i/ecommerce/media/GD.004403_FEATURE_83916.png','https://hc.com.vn/i/ecommerce/media/GD.004403_FEATURE_83917.png','','',''),
		('GD.000713','https://hc.com.vn/i/ecommerce/media/GD.000713_FEATURE_49315.jpg','https://hc.com.vn/i/ecommerce/media/GD.000713_FEATURE_49316.jpg','','','',''),
		('00032063','https://hc.com.vn/i/ecommerce/media/00032063_FEATURE_32525.jpg','https://hc.com.vn/i/ecommerce/media/00032063_FEATURE_32526.jpg','https://hc.com.vn/i/ecommerce/media/00032063_FEATURE_32527.jpg','https://hc.com.vn/i/ecommerce/media/00032063_FEATURE_32528.jpg','https://hc.com.vn/i/ecommerce/media/00032063_FEATURE_32529.jpg','https://hc.com.vn/i/ecommerce/media/00032063_FEATURE_32530.jpg');

INSERT INTO MoTa 
	VALUES('00029913',N'Thiết kế nhỏ gọn, di chuyển linh hoạt',N'Thiết kế nhỏ gọn cùng dung tích sử dụng 85 lít, tủ lạnh Electrolux EUM09000SA là sản phẩm phù hợp với các bạn sinh viên hoặc gia đình 1-2 thành viên, các phòng kinh doanh dịch vụ lưu trú như khách sạn có không gian phòng không quá rộng. Cửa tủ bằng thép không gỉ sáng bóng, sang trọng đảm bảo tính thẩm mỹ cho không gian sống của bạn. Hơn thế nữa, chất liệu thép không gỉ còn tăng độ bền cho tủ. Sản phẩm có kích thước nhỏ nên dễ dàng di chuyển và đặt được ở các vị trí thích hợp trong căn nhà của bạn mà không tốn nhiều diện tích.','https://hc.com.vn/i/ecommerce/media/ckeditor_2721499.jpg'),
		('00029913',N'Tiết kiệm chi phí điện năng',N'Tủ lạnh Electrolux 85 lít EUM0900SA chỉ tiêu thụ 0.55 kW/ngày (203.56KWH/năm) giúp bạn tiết kiệm chi phí điện hàng tháng, đặc biệt với những người ở trọ, giá điện cao.','https://hc.com.vn/i/ecommerce/media/ckeditor_2721503.jpg'),
		('DL.002009',N'Thiết kế nhỏ gọn, di chuyển dễ dàng',N'Tủ lạnh Aqua AQR-D99FA BS thuộc dòng tủ lạnh mini 1 cửa, tủ có thiết kế đẹp mắt, vỏ thép chắc chắn, dễ vệ sinh. Tủ lạnh Aqua dung tích 90 lít phù hợp với những không gian nhỏ hẹp, nhu cầu lưu trữ ít như các bạn sinh viên, người đi làm ở trọ hay những gia đình có nhu cầu sử dụng các loại đồ uống, hoa quả đặt trong phòng khách, phòng ngủ. Với kích thước nhỏ gọn, người dùng cũng dễ dàng di chuyển tủ khi có nhu cầu thay đổi chỗ để.','https://hc.com.vn/i/ecommerce/media/ckeditor_2811290.jpg'),
		('DL.002009',N'Hệ thống làm lạnh trực tiếp làm lạnh nhanh',N'Tủ lạnh mini Aqua này sử dụng công nghệ làm lạnh trực tiếp. Công nghệ này hoạt động dựa trên nguyên tắc hơi lạnh được thổi trực tiếp đến nhiều vị trí khác nhau trong tủ, đảm bảo làm lạnh nhanh, vận hành êm, giữ thực phẩm luôn tươi ngon. Đặc biệt, tủ lạnh Aqua AQR-D99FA BS sử dụng điện rất tiết kiệm, điều này rất quan trọng với những người ở trọ khi giá điện cao.','https://hc.com.vn/i/ecommerce/media/ckeditor_2811285.jpg'),
		('DL.002006',N'Thiết kế nhỏ gọn, gam màu đen sang trọng',N'Tủ lạnh Aqua 50 lít AQR AQR-D59FA BS có 1 cửa mở tiện lợi cho việc lấy đồ. Thiết kế nhỏ gọn, đơn giản nhưng không kém phần sang trọng với gam màu đen thanh lịch, phù hợp lắp đặt ở mọi không gian, đặc biệt là những nơi chật hẹp. Tủ lạnh mini Aqua 50 lít đáp ứng nhu cầu lưu trữ ít như các bạn sinh viên ở trọ hay những gia đình, khách sạn có nhu cầu sử dụng các loại đồ uống mát, bảo quản hoa quả đặt trong phòng khách, phòng ngủ. Kích thước nhỏ cho phép người dùng di chuyển thay đổi vị trí một các dễ dàng.','https://hc.com.vn/i/ecommerce/media/ckeditor_2678325.jpg'),
		('DL.002006',N'Công nghệ làm lạnh trực tiếp giữ thực phẩm tươi ngon',N'Tủ lạnh Aqua AQR AQR-D59FA BS ứng dụng công nghệ làm lạnh trực tiếp, hơi lạnh được thổi lan tỏa đều khắp mọi vị trí trong tủ giúp làm lạnh nhanh, vận hành êm, giữ thực phẩm luôn tươi ngon, hạn chế biến chất. Nhờ thế, tủ tiêu hao rất ít điện khi hoạt động, tiết kiệm chi phí hàng tháng cho người dùng.','https://hc.com.vn/i/ecommerce/media/ckeditor_2678326.png'),
		('00030532',N'Tiết kiệm điện năng hiệu quả',N'Với lượng điện tiêu thụ chỉ vào khoảng 0,55 KW/ngày (0,5 số điện/ngày) giúp sử dụng tiết kiệm điện năng tối ưu cho người dùng, làm giảm nỗi lo chi phí tiền điện hàng tháng cho bạn.','https://hc.com.vn/i/ecommerce/media/ckeditor_1927748.jpg'),
		('00030532',N'Hệ thống làm lạnh trực tiếp',N'Tủ lạnh Electrolux 46 lít EUM0500SA/SB được trang bị hệ thống làm lạnh trực tiếp giúp tủ làm lạnh nhanh hơn, đảm bảo thực phẩm luôn tươi ngon. Ngoài ra, tủ lạnh mini Electrolux vận hành rất êm ái không làm ảnh hưởng đến các sinh hoạt khác của bạn.','https://hc.com.vn/i/ecommerce/media/ckeditor_1927750.jpg'),
		('DL.002387',N'Mặt tủ giả gương sáng bóng, sang trọng, đẹp mắt',N'Tủ lạnh Samsung Inverter 300 lít RT29K5532BU/SV thiết kế đơn giản nhưng vẫn đẹp mắt, tay nắm chìm tinh tế, thanh lịch. Cửa tủ kim loại phủ sơn đen với công nghệ mới cho độ sáng bóng như gương, tăng thêm sự sang trọng cho không gian bếp của gia đình bạn. Tủ lạnh 2 cửa Samsung này được bố trí ngăn đá trên truyền thống phù hợp với thói quen của đa số người dùng. Dung tích sử dụng 300 lít đáp ứng nhu cầu bảo quản và dự trữ thực phẩm cho gia đình 3-4 thành viên.','https://hc.com.vn/i/ecommerce/media/ckeditor_2794012.jpg'),
		('DL.002387',N'2 dàn lạnh độc lập Twin Cooling Plus - Tươi lâu hơn gấp 2 lần',N'Tủ lạnh Samsung Twin Cooling Plus hoạt động với hai hệ thống làm lạnh riêng biệt cho ngăn đá và ngăn mát. Khí lạnh luân chuyển riêng biệt trong từng ngăn, nhờ đó, độ ẩm luôn được bảo toàn ở ngăn mát, giúp thực phẩm tươi ngon lâu hơn gấp 2 lần. Hơn thế nữa, công nghệ hai dàn lạnh độc lập còn giúp hạn chế lẫn mùi giữa thực phẩm tươi sống trong ngăn đông với thực phẩm chín và rau quả trong ngăn mát.','https://hc.com.vn/i/ecommerce/media/ckeditor_2794014.jpg'),
		('DL.004018',N'Thiết kế phẳng sang trọng',N'Tủ lạnh Panasonic Inverter 380 lít NR-BX421WGKV sở hữu thiết kế phẳng cùng với dải bảng điều khiển cảm ứng thanh mảnh bên ngoài mang tới những đường nét gọn gàng và đầy tinh tế, đồng thời cho phép bạn dễ dàng kiểm soát các cài đặt chỉ bằng một cái chạm nhẹ, không cần mở cửa tủ gây thất thoát hơi lạnh.','https://hc.com.vn/i/ecommerce/media/ckeditor_3114614.jpg'),
		('DL.004018',N'Thịt cá tươi ngon đến 7 ngày – Ăn ngon, sống khỏe',N'Thực phẩm tươi sống, đặc biệt là thịt cá luôn ngon nhất khi mua về, tuy nhiên, làm thế nào để giữ được hương vị tươi ngon mà vẫn an toàn cho sức khỏe nếu cần bảo quản lâu hơn? Tính năng cấp đông mềm Prime Fresh với luồng hơi lạnh mang nhiệt độ lí tưởng -3°C giúp thực phẩm được bảo vệ bởi lớp đông nhẹ trên bề mặt, ngăn chặn sự oxi hóa và vi khuẩn xâm nhập vào bên trong mà không bị làm đóng băng, không phá vỡ cấu trúc tế bào. Bảo quản ở trạng thái đông mềm giúp giữ được độ tươi ngon trong khoảng 7 ngày, giảm tối đa sự hao hụt dưỡng chất và giúp chế biến món ăn tiện lợi, dễ dàng mà không cần phải rã đông. Chế độ Prime Fresh+ để thực phẩm đạt trạng thái cấp đông mềm nhanh hơn gấp bốn lần, giảm thời gian biến đổi chất.','https://hc.com.vn/i/ecommerce/media/ckeditor_3114612.jpg'),
		('00034288',N'Thiết kế sang trọng',N'Tủ lạnh Toshiba B31VU(UKG) tạo ấn tượng với kiểu dáng nhỏ gọn, phù hợp với nhiều không gian xếp đặt. Thiết kế tinh tế với tông màu đen sang trọng, tủ lạnh tôn lên nét đẹp hiện đại cho không gian nội thất gia đình.','https://hc.com.vn/i/ecommerce/media/ckeditor_1946302.jpg'),
		('00034288',N'Tủ lạnh Inverter tiết kiệm điện',N'Tủ lạnh Toshiba B31VU(UKG) ứng dụng công nghệ máy nén biến tần Inverter, làm lạnh thực phẩm với nhiệt độ ổn định cho hiệu quả bảo quản thực phẩm tốt lại tiết kiệm điện năng. Cùng với đó, tủ lạnh Toshiba Inverter mang đến khả năng vận hành vô cùng êm ái, bền bỉ.','https://hc.com.vn/i/ecommerce/media/ckeditor_1946303.jpg'),
		('DL.002458',N'Thiết kế đơn giản, hiện đại',N'Tủ lạnh LG Inverter 209 lít GN-B222WB thiết kế tối giản theo xu hướng hiện đại, tay cầm chìm tinh tế. Gam màu đen mạnh mẽ, sang trọng, nổi bật dễ dàng phối hợp hài hòa với nhiều không gian nội thất. Tủ lạnh 2 cửa LG bố trí ngăn đá trên truyền thống, phù hợp với thói quen của đa số người dùng Việt Nam. Kích thước nhỏ gọn với dung tích 209 lít, thích hợp cho các gia đình 3-4 người, nhu cầu lưu trữ ít.','https://hc.com.vn/i/ecommerce/media/ckeditor_2791787.jpg'),
		('DL.002458',N'Công nghệ Inverter tiết kiệm điện tối ưu',N'Chi phí tiền điện hàng tháng sẽ không còn là nỗi lo lắng của bạn nhờ công nghệ Inverter thế hệ mới trên tủ lạnh LG GN-B222WB. Máy nén Smart Inverter với khả năng tự động điều chỉnh vòng quay để duy trì nhiệt độ luôn ổn định, giúp tủ vận hành êm ái, bền bỉ, tiết kiệm điện năng.','https://hc.com.vn/i/ecommerce/media/ckeditor_2791786.jpg'),
		('DL.003538',N'Thiết kế đơn giản, tinh tế',N'Không quá cầu kì trong thiết kế bên ngoài, tủ lạnh Hitachi R-FVY510PGV0(GMG) sở hữu vẻ đẹp cuốn hút của bề mặt kính nguyên khối nay thêm phần ấn tượng khi kết hợp cùng thiết kế phẳng tràn viền, tinh giản theo xu hướng hiện đại, phù hợp với mọi không gian bếp. Gam màu xám thanh lịch, trang nhã. Tay cầm ẩn giúp tiết kiệm không gian, hạn chế va chạm. Ngăn đá trên phù hợp với thói quen sử dụng của đa số người dùng Việt Nam.','https://hc.com.vn/i/ecommerce/media/ckeditor_2932379.jpg'),
		('DL.003538',N'Làm lạnh cực mạnh, không cần ổn áp',N'Tủ lạnh Hitachi Inverter 390 lít R-FVY510PGV0(GMG) có khả năng làm lạnh mạnh mẽ, ngay cả khi nhiệt độ của môi trường bên ngoài lên đến 60°C, mọi không gian bên trong tủ lạnh vẫn hoàn toàn mát lạnh. Tủ hoạt động ổn định trong dải điện áp rộng 130v đến 300v mà không cần sử dụng ổn áp phù hợp với điều kiện điện lưới ở nhiều vùng của Việt Nam.','https://hc.com.vn/i/ecommerce/media/ckeditor_2746850.jpg'),
		('DL.004262',N'Thiết kế phẳng sang trọng, thời thượng',N'Tủ lạnh Electrolux Inverter 253 lít EBB2802K-H sở hữu thiết kế phẳng tối giản mang lại sự tinh tế, sang trọng cho không gian bếp hiện đại, dễ dàng phối hợp hài hòa với mọi phong cách nội thất. Kiểu dáng thon gọn với chiều rộng chỉ 54cm phù hợp với cả những căn bếp hạn chế về diện tích. Ngăn mát có dung tích lớn hơn và chứa nhiều thực phẩm dùng thường xuyên hơn được bố trí bên trên giúp người dùng dễ dàng quan sát, sắp xếp và lấy thực phẩm bên trong mà không cần phải cúi xuống nhiều.','https://hc.com.vn/i/ecommerce/media/ckeditor_3114448.jpg'),
		('DL.004262',N'Rau quả tươi lâu hơn với ngăn TasteLockAuto',N'Bên trong tủ lạnh thường có độ ẩm thấp do hơi nước bị đóng băng tại ngăn đông, môi trường này không thích hợp để bảo quản rau củ quả vì sẽ làm chúng bị khô héo, hao hụt vitamin và dưỡng chất. Tủ lạnh Electrolux có thiết kế ngăn rau TasteLockAuto với lưới lọc tự động điều chỉnh độ ẩm, duy trì độ ẩm thích hợp giúp giữ trái cây và rau xanh luôn tươi ngon suốt 7 ngày.','https://hc.com.vn/i/ecommerce/media/ckeditor_3084593.jpg'),
		('DL.004275',N'Thiết kế phẳng sang trọng, thời thượng',N'Tủ lạnh Electrolux Inverter 335 lít EBB3702K-H sở hữu thiết kế phẳng tối giản mang lại sự tinh tế, sang trọng cho không gian bếp hiện đại, dễ dàng phối hợp hài hòa với mọi phong cách nội thất. Kiểu dáng thon gọn với chiều rộng chỉ 59.8cm phù hợp với cả những căn bếp hạn chế về diện tích. Ngăn mát có dung tích lớn hơn và chứa nhiều thực phẩm dùng thường xuyên hơn được bố trí bên trên giúp người dùng dễ dàng quan sát, sắp xếp và lấy thực phẩm bên trong mà không cần phải cúi xuống nhiều.','https://hc.com.vn/i/ecommerce/media/ckeditor_3091525.jpg'),
		('DL.004275',N'Thịt cá tươi mềm suốt 7 ngày với ngăn TasteSeal',N'Bên trong ngăn mát của chiếc tủ lạnh này, Electrolux đã tích hợp thêm 1 ngăn TasteSeal khép kín với khay kim loại cao cấp tạo ra một không gian lưu trữ lý tưởng ở mức nhiệt ổn định -2°C. Ở nhiệt độ này, thực phẩm sẽ được bảo quản ở trạng thái đông mềm đảm bảo giữ được độ tươi ngon, trọn vẹn hương vị ban đầu mà không cần đông đá,  không cần mất thời gian rã đông, dễ dàng cắt thái, chế biến ngay sau khi lấy khỏi tủ.','https://hc.com.vn/i/ecommerce/media/ckeditor_3086534.jpg'),
		('DL.002384',N'Thiết kế hiện đại với khay lấy nước ngoài tiện dụng',N'Tủ lạnh Samsung Inverter 319 lít RT32K5932BU/SV thiết kế hiện đại với gam màu đen nổi bật, làm tăng vẻ sang trọng cho không gian nội thất của bạn. Tủ 2 cửa ngăn đá trên truyền thống phù hợp với thói quen của đa số người dùng. Bảng điều khiển bên ngoài thân tủ giúp bạn dễ dàng quan sát và điều chỉnh các mức nhiệt phù hợp với nhu cầu. Thưởng thức ly nước mát lạnh ngay lập tức với ngăn lấy nước ngoài mà không cần mở tủ, hạn chế thất thoát nhiệt.','https://hc.com.vn/i/ecommerce/media/ckeditor_2703586.jpg'),
		('DL.002384',N'Độc đáo với hai dàn lạnh độc lập Twin Cooling Plus',N'Tủ lạnh Samsung Twin Cooling Plus hoạt động với hai hệ thống làm lạnh riêng biệt cho ngăn đá và ngăn mát. Khí lạnh luân chuyển riêng biệt trong từng ngăn, nhờ đó, độ ẩm luôn được bảo toàn ở ngăn mát, giúp thực phẩm tươi ngon lâu hơn gấp 2 lần, hạn chế lẫn mùi giữa thực phẩm sống, chín và rau quả.','https://hc.com.vn/i/ecommerce/media/ckeditor_2703588.jpeg'),
		('DL.001872',N'Khay lấy nước ngoài kháng khuẩn an toàn cho sức khỏe',N'Tủ lạnh Panasonic NR-BV280WKVN thế hệ tủ lạnh mới thiết kế khay lấy nước bên ngoài tủ. Ngăn chứa nước cấu trúc kín, kết hợp với vật liệu kháng khuẩn để ngăn ngừa sự phát triển của vi khuẩn. Đặc biệt, ngăn chứa nước còn được tích hợp bộ lọc carbon, giảm mùi khó chịu, đảm bảo nước sử dụng luôn trong lành và sạch khuẩn. Bạn sẽ có ngay cốc nước mát lạnh một cách dễ dàng và an toàn cả gia đình.','https://hc.com.vn/i/ecommerce/media/ckeditor_2674944.jpg');
INSERT INTO MoTa 
	VALUES('DL.001872',N'Thiết kế hiện đại với ngăn đá dưới tiện lợi',N'Tủ lạnh 2 cửa Panasonic có thiết kế ngăn đá phía dưới thay vì ngăn đá trên như các dòng sản phẩm phổ thông cũ. Thiết kế này vô cùng tiện lợi bởi ngăn mát là nơi được dùng thường xuyên hơn, người dùng sẽ không cần cúi người khi lấy thực phẩm. Tủ nổi bật với gam màu đen sang trọng phù hợp với không gian nội thất hiện đại.','https://hc.com.vn/i/ecommerce/media/ckeditor_2674940.jpg'),
		('DL.000646',N'Thiết kế sang trọng, tiện dụng',N'Tủ lạnh Panasonic Inverter NR-BV280QSVN thiết kế với kiểu dáng hiện đại, phẳng, cạnh liền mạch, màu sắc sang trọng tạo điểm nhấn tinh tế, ấn tượng cho không gian nội thất. Hơn nữa thiết kế ngăn lạnh phía trên của tủ giúp bạn dễ dàng lấy thực phẩdm thường dùng mà không phải khom lưng quá nhiều.','https://hc.com.vn/i/ecommerce/media/ckeditor_2123491.jpg'),
		('DL.000646',N'Dung tích 255 lít',N'Tủ lạnh Panasonic 255 lít phù hợp với gia đình khoảng 2 - 3 người. Bạn có thể thoái mái trữ nhiều thực phẩm để làm phong phú hơn cho bữa ăn gia đình.','https://hc.com.vn/i/ecommerce/media/ckeditor_2123492.jpg'),
		('DL.004204',N'Thiết kế hiện đại, mặt gương sang trọng, đẳng cấp',N'Sở hữu vẻ đẹp cuốn hút của bề mặt gương sáng bóng kết hợp cùng thiết kế phẳng tối giản, tủ lạnh Sharp Inverter 520 lít SJ-FXP600VG-BK mang đến cho bạn một không gian sống tiện nghi, sang trọng, dễ dàng kết hợp với nội thất của căn bếp hiện đại.','https://hc.com.vn/i/ecommerce/media/ckeditor_3136756.jpg'),
		('DL.004204',N'Vận hành êm ái, tiết kiệm điện với công nghệ J-tech Inverter',N'Tủ lạnh Sharp SJ-FXP600VG-BK trang bị công nghệ J-tech Inveter có khả năng tự động điều chỉnh hoạt động của máy nén ở 36 cấp độ vô cùng linh hoạt, trong khi đó, công nghệ Inverter thông thường chỉ có 7 cấp độ. Điều này giúp đáp ứng nhu cầu làm lạnh hiệu quả, duy trì nhiệt độ ổn định, giảm thiểu tiêu hao năng lượng, hạn chế tiếng ồn, đồng thời giúp máy nén hoạt động bền bỉ.','https://hc.com.vn/i/ecommerce/media/ckeditor_3136754.jpg'),
		('DL.004331',N'Thiết kế 4 cánh tiện dụng, mặt gương sang trọng',N'Tủ lạnh Panasonic Inverter 550 lít NR-DZ601VGKV sở hữu cửa tủ mặt kính đen hiện đại, sang trọng tạo điểm nhấn nổi bật cho không gian nội thất của gia đình. Tay cầm cong cách điệu đầy tinh tế, quyến rũ, thu hút mọi ánh nhìn. Thiết kế tủ 4 cánh giúp tủ có chiều ngang rộng rãi hơn. Ngoài ra, với thiết kế này, khi lấy đồ hay sắp xếp đồ vào trong tủ bạn chỉ cần mở 1 nửa mà không phải mở toàn bộ ngăn tủ, hạn chế thất thoát hơi lạnh. Chiếc tủ lạnh Panasonic này có tổng dung tích lên đến 550 lít nên bạn có thể thoải mái bảo quản lượng lớn thực phẩm cho gia đình có trên 5 thành viên, không cần mất thời gian đi chợ hàng ngày.','https://hc.com.vn/i/ecommerce/media/ckeditor_3188094.jpg'),
		('DL.004331',N'Bảo quản thực phẩm luôn tươi ngon nhờ công nghệ Prime Fresh+',N'Tủ lanh Panasonic sẽ thay đổi hoàn toàn khái niệm bảo quản thịt cá tươi sống trước đây với ngăn cấp đông mềm Prime Fresh. Bạn sẽ không cần loay hoay tìm cách xử lý miếng thịt đông lạnh “cứng ngắc” và kém ngon. Với luồng hơi lạnh mang nhiệt độ lí tưởng -3°C, công nghệ Prime Fresh sẽ giúp thực phẩm được bảo vệ bởi lớp đông nhẹ trên bề mặt, ngăn chặn sự oxi hóa và vi khuẩn xâm nhập vào bên trong mà không bị làm đóng băng, không phá vỡ cấu trúc tế bào. Bảo quản ở trạng thái đông mềm giúp giữ được độ tươi ngon trong khoảng 7 ngày, giảm tối đa sự hao hụt dưỡng chất và giúp chế biến món ăn tiện lợi, dễ dàng mà không cần phải rã đông. Chế độ Prime Fresh+ để thực phẩm đạt trạng thái cấp đông mềm nhanh hơn gấp bốn lần, giảm thời gian biến đổi chất.','https://hc.com.vn/i/ecommerce/media/ckeditor_3188098.jpg'),
		('DL.004239',N'Thiết kế sang trọng, hiện đại',N'Tủ lạnh Samsung Inverter 488 lít RF48A4010B4/SV mang đến sự sang trọng, thời thượng cho không gian sống của bạn với thiết kế phẳng tinh tế, hiện đại. Bề mặt thép không gỉ cao cấp với độ bền cao và không lưu dấu vân tay, tông màu đen mạnh mẽ, sang trọng dễ dàng kết hợp với nội thất của căn bếp hiện đại.','https://hc.com.vn/i/ecommerce/media/ckeditor_3151278.jpg'),
		('DL.004239',N'Không gian lưu trữ rộng rãi, khoa học',N'Tủ lạnh Samsung 4 cánh mở độc lập kiểu cửa Pháp cực kỳ tiện lợi với ngăn mát và ngăn đá rộng rãi, dễ dàng lưu trữ những thực phẩm có kích thước bề ngang lớn. Ngăn mát nằm phía trên giúp bạn dễ dàng quan sát và lấy thực phẩm thường dùng mà không cần cúi xuống tìm kiếm nhiều. Tổng dung tích lên đến 488 lít đáp ứng nhu cầu lưu trữ thực phẩm cho gia đình 4-6 thành viên hoặc gia đình ít người nhưng cần bảo quản lượng lớn thức ăn vì không có nhiều thời gian đi chợ.','https://hc.com.vn/i/ecommerce/media/ckeditor_3151287.gif'),
		('DL.000782',N'Kiểu dáng thẩm mỹ, hiện đại',N'Với kiểu tủ lạnh Multi Door, cửa tủ mặt gương dễ dàng lau chùi, vệ sinh, Aqua Inverter AQR-IGW525EM (GB) hứa hẹn sẽ mang đến vẻ đẹp sang trọng và hiện đại cho không gian nhà bạn.','https://hc.com.vn/i/ecommerce/media/ckeditor_2869221.jpg'),
		('DL.000782',N'Công nghệ Inverter tiết kiệm điện',N'Nhờ sử dụng công nghệ Inverter, chiếc tủ lạnh Aqua này giúp bạn tiết kiệm lượng điện năng tiêu thụ mỗi tháng, vì có khả năng điều chỉnh vòng quay của máy nén. Công nghệ Inverter tiên tiến cho phép kiểm soát lượng điện tiêu thụ tối ưu, giúp nhiệt độ trong tủ luôn ổn định mà vẫn đảm bảo máy vận hành êm ái.','https://hc.com.vn/i/ecommerce/media/ckeditor_2077819.jpg'),
		('DL.000638',N'Thiết kế sang trọng, hiện đại',N'Tủ lạnh Mitsubishi Inverter 365 lít MR-CGX46EN-GBR-V tạo ấn tượng với thiết kế sang trọng, mặt gương sáng bóng, màu nâu đầy thu hút, kiểu dáng hiện đại, tinh tế trong từng đường nét. Tủ thiết kế ngăn lạnh trên giúp bạn dễ dàng lấy thực phẩm thường dùng mà không phải khom lưng quá nhiều.','https://hc.com.vn/i/ecommerce/media/ckeditor_2123629.jpg');
INSERT INTO MoTa 
	VALUES('DL.000638',N'2 ngăn mát độc lập','Tủ lạnh thiết kế 2 ngăn mát độc lập. Ngăn mát bên trên lưu trữ chế phẩm từ sữa và thực phẩm đã qua chế biến. Ngăn ướp lạnh mềm 7 ngày bên dưới bảo quản trọn vẹn độ tươi ngon của thực phẩm tươi sống. 2 ngăn độc lập giúp đảm bảo vệ sinh và thực phẩm không bị lẫn mùi. Thiết kế trong suốt giúp sắp xếp, tìm kiếm thực phẩm dễ dàng.','https://hc.com.vn/i/ecommerce/media/ckeditor_2123631.jpg'),
		('DL.003635',N'Thiết kế tinh tế, thời thượng',N'Tủ lạnh Aqua Inverter 549 lít AQR-IG636FM(GB) sở hữu vẻ đẹp ấn tượng với mặt gương đen sang trọng, thời thượng. Từng đường nét tinh tế kết hợp hài hòa giúp nâng tầm không gian nội thất hiện đại. Dễ dàng lấy thực phẩm ở mọi vị trí với chiều sâu hợp lý, tránh bỏ quên thực phẩm nằm bên trong dẫn đến hư hỏng, lãng phí.','https://hc.com.vn/i/ecommerce/media/ckeditor_2932487.jpg'),
		('DL.003635',N'Điều khiển cảm ứng trên cửa tủ sang trọng, tiện lợi',N'Bảng điều khiển cảm ứng thông minh được bố trí ngay trên cửa tủ cho phép người dùng kiểm soát và điều chỉnh chế độ phù hợp nhất một cách nhanh chóng mà không cần mở cửa làm thất thoát hơi lạnh. Tay cầm chìm với góc nghiêng 10° cùng độ dày vừa phải tạo sự thoải mái, êm ái khi mở cửa, đồng thời tiết kiệm không gian, hạn chế va chạm khi di chuyển. Chất liệu nhôm nguyên khối chắc chắn, bền đẹp hơn tay nắm thông thường.','https://hc.com.vn/i/ecommerce/media/ckeditor_2932482.jpg');
INSERT INTO MoTa 
	VALUES('AV.001708',N'Thiết kế sang trọng, đẳng cấp',N'Smart Tivi LG NanoCell 8K 55 inch 55NANO95TNA sở hữu thiết kế hiện đại, sang trọng, tinh tế đến từng đường nét. Đường viền Nano Bezel tinh gọn, siêu mảnh tối ưu vùng hiển thị mang lại trải nghiệm khác biệt, đồng thời hòa hợp tôn thêm vẻ đẹp cho mọi không gian nội thất. Kích thước lớn lên tới 55 inch thích hợp với những buổi tụ họp giải trí cùng gia đình, bạn bè trong những căn phòng rộng rãi như phòng khách, phòng họp.','https://hc.com.vn/i/ecommerce/media/ckeditor_3064317.jpg'),
		('AV.001708',N'Hình ảnh sắc nét, chất lượng hoàn hảo với độ phân giải 8K',N'Khám phá những khung hình với chất lượng hình ảnh siêu nét trên Smart Tivi LG 8K 55NANO95TNA nhờ số điểm ảnh lên đến 33 triệu nhiều hơn gấp 4 lần so với độ phân giải 4K.','https://hc.com.vn/i/ecommerce/media/ckeditor_2872158.jpg'),
		('AV.002410',N'Thiết kế đẳng cấp nâng tầm không gian sống tiện nghi',N'Smart Tivi LG NanoCell 8K 75 inch 75NANO95TPA sở hữu phong cách thiết kế đẳng cấp, kiểu dáng đẹp kết hợp với tông màu đen thanh lịch, cuốn hút từ mọi góc nhìn, phù hợp với mọi không gian nội thất trong nhà bạn. Bạn có thể đặt tivi lên kệ hoặc treo tường vừa tiết kiệm không gian lại tạo điểm nhấn nổi bật cho căn phòng thêm phần tinh tế, sang trọng.','https://hc.com.vn/i/ecommerce/media/ckeditor_3183821.jpg'),
		('AV.002410',N'Độ phân giải 8K cho màu sắc tinh khiết, hình ảnh chân thực',N'LG luôn mang đến sự bất ngờ thú vị cho người dùng, thể hiện sự khác biệt điểm nổi bật ở mỗi dòng tivi mới ra mắt. Với dòng tivi LG NanoCell NANO95TPA hình ảnh và màu sắc của tivi đã được nâng cấp lên độ phân giải 8K, màu sắc được hiển thị tinh khiết chính xác hơn, chất lượng sắc nét hơn nâng tầm trải nghiệm xem trở nên chân thực nhất.','https://hc.com.vn/i/ecommerce/media/ckeditor_3141215.gif'),
		('AV.000901',N'Màn hình vô cực cho không gian giải trí vô hạn',N'Smart Tivi QLED Samsung 8K 75 inch QA75Q950TSKXXV là dòng tivi QLED 8K sở hữu màn hình vô cực kết hợp cạnh viền siêu mỏng tạo nên một tuyệt tác, điểm nhấn ấn tượng cho không gian nội thất nhà bạn mang đến cho người dùng thế giới giải trí hấp dẫn, cuốn hút thông qua màn hình 8K một cách chân thực.','https://hc.com.vn/i/ecommerce/media/ckeditor_2703616.jpg'),
		('AV.000901',N'Độ phân giải 8K cho khung hình sắc nét vượt trội',N'Smart Tivi Samsung được trang bị độ phân giải 8K cho hình ảnh hiển thị sắc nét gấp 4 lần 4K thông thường cho phép bạn được trải nghiệm các chương trình giải trí thêm thú vị, hình ảnh chân thật hơn. ','https://hc.com.vn/i/ecommerce/media/ckeditor_2703601.jpg'),
		('00033679',N'QLED Samsung thiết kế hoàn hảo đến từng chi tiết',N'Smart Tivi 75Q900R QLED Samsung 8K 75 inch sở hữu thiết kế hoàn hảo với màn hình siêu mỏng tạo cảm giác ấn tượng cho người dùng với cái nhìn lần đầu tiên, hình ảnh sắc nét bao trùm ở mọi góc độ nhìn mang đến sự sang trọng và nghệ thuật cho không gian căn phòng.','https://hc.com.vn/i/ecommerce/media/ckeditor_1947988.jpg'),
		('00033679',N'Độ phân giải 8K QA75Q900RBKXXV Samsung',N'Chất lượng hình ảnh chân thực bạn chưa từng thấy Samsung QLED 8K 75Q900R. Trên một khung hình sống động, từng chi tiết nhỏ nhất được tái tạo tỉ mỉ đến khó tin, kết hợp với độ phân giải đỉnh cao, QLED 8K Q900R như bao trùm mọi giác quan, biến từng thước phim trở nên chân thật như chính bạn đang chứng kiến.','https://hc.com.vn/i/ecommerce/media/ckeditor_1947990.jpg'),
		('00033682',N'QLED Samsung thiết kế hoàn hảo đến từng chi tiết',N'Tận hưởng trọn vẹn sắc màu cuộc sống trên một màn hình lớn và sắc nét vượt trội. Kết hợp với chất lượng hiển thị hoàn hảo, QA82Q900 QLED TV thế hệ mới mang đến cho bạn một trải nghiệm xem sống động, chân thực như đang diễn ra trước mắt.','https://hc.com.vn/i/ecommerce/media/ckeditor_1947451.jpg'),
		('00033682',N'Độ phân giải 8K 82 inch QLED QA82Q900RBKXXV',N'Mở ra kỷ nguyên chất lượng hình ảnh chân thực bạn chưa từng thấy. Trên một khung hình sống động, từng chi tiết nhỏ nhất được tái tạo tỉ mỉ đến khó tin, kết hợp với độ phân giải đỉnh cao, QLED 8K 82Q900R như bao trùm mọi giác quan, biến từng thước phim trở nên chân thật như chính bạn đang chứng kiến.','https://hc.com.vn/i/ecommerce/media/ckeditor_1947453.jpg'),
		('AV.000910',N'Kiểu dáng tinh tế, màn hình phẳng không viền 4 cạnh ấn tượng',N'Smart Tivi QLED Samsung 8K 75 inch QA75Q800TAKXXV là dòng tivi QLED 8K sở hữu màn hình không viền 4 cạnh tinh tế tạo điểm nhấn ấn tượng cho không gian nội thất nhà bạn mang đến cho người dùng thế giới giải trí hấp dẫn, cuốn hút thông qua màn hình 8K một cách chân thực.','https://hc.com.vn/i/ecommerce/media/ckeditor_2709219.jpg'),
		('AV.000910',N'Độ phân giải 8K cho khung hình sắc nét vượt trội ',N'Smart Tivi Samsung được trang bị độ phân giải 8K cho hình ảnh hiển thị sắc nét gấp 4 lần 4K thông thường cho phép bạn được trải nghiệm các chương trình giải trí thêm thú vị, chân thực đến từng chi tiết nhỏ.','https://hc.com.vn/i/ecommerce/media/ckeditor_2709120.jpg'),
		('AV.001456',N'Thiết kế sang trọng, đẳng cấp',N'Smart Tivi LG NanoCell 8K 75 inch 75NANO95TNA sở hữu thiết kế hiện đại, sang trọng, tinh tế đến từng đường nét. Đường viền Nano Bezel tinh gọn, siêu mảnh tối ưu vùng hiển thị mang lại trải nghiệm khác biệt, đồng thời hòa hợp tôn thêm vẻ đẹp cho mọi không gian nội thất. Kích thước lớn lên tới 75 inch thích hợp với những buổi tụ họp giải trí cùng gia đình, bạn bè trong những căn phòng rộng rãi như phòng khách, phòng họp hay các nhà hàng, quán café.','https://hc.com.vn/i/ecommerce/media/ckeditor_2872175.jpg'),
		('AV.001456',N'Hình ảnh sắc nét, chất lượng hoàn hảo với độ phân giải 8K',N'Khám phá những khung hình với chất lượng hình ảnh siêu nét trên Smart Tivi LG 8K 75NANO95TNA nhờ số điểm ảnh lên đến 33 triệu nhiều hơn gấp 4 lần so với độ phân giải 4K.','https://hc.com.vn/i/ecommerce/media/ckeditor_2872176.jpg'),
		('AV.001459',N'Thiết kế sang trọng, đẳng cấp',N'Smart Tivi LG NanoCell 8K 65 inch 65NANO95TNA sở hữu thiết kế hiện đại, sang trọng, tinh tế đến từng đường nét. Đường viền Nano Bezel tinh gọn, siêu mảnh tối ưu vùng hiển thị mang lại trải nghiệm khác biệt, đồng thời hòa hợp tôn thêm vẻ đẹp cho mọi không gian nội thất. Kích thước lớn lên tới 65 inch thích hợp với những buổi tụ họp giải trí cùng gia đình, bạn bè trong những căn phòng rộng rãi như phòng khách, phòng họp hay các nhà hàng, quán café.','https://hc.com.vn/i/ecommerce/media/ckeditor_2872157.jpg'),
		('AV.001459',N'Hình ảnh sắc nét, chất lượng hoàn hảo với độ phân giải 8K',N'Khám phá những khung hình với chất lượng hình ảnh siêu nét trên Smart Tivi LG 8K 65NANO95TNA nhờ số điểm ảnh lên đến 33 triệu nhiều hơn gấp 4 lần so với độ phân giải 4K.','https://hc.com.vn/i/ecommerce/media/ckeditor_2872158.jpg'),
		('AV.002411',N'Thiết kế kiểu dáng tinh tế, đậm chất nghệ thuật',N'Smart Tivi LG NanoCell 8K 65 inch 65NANO95TPA sở hữu phong cách thiết kế đẳng cấp, kiểu dáng đẹp kết hợp với tông màu đen thanh lịch, cuốn hút từ mọi góc nhìn, phù hợp với mọi không gian nội thất trong nhà bạn. Bạn có thể đặt tivi lên kệ hoặc treo tường vừa tiết kiệm không gian lại tạo điểm nhấn nổi bật cho căn phòng thêm phần tinh tế, sang trọng.','https://hc.com.vn/i/ecommerce/media/ckeditor_3183821.jpg'),
		('AV.002411',N'Độ phân giải 8K cho màu sắc tinh khiết, hình ảnh chân thực',N'LG luôn mang đến sự bất ngờ thú vị cho người dùng, thể hiện sự khác biệt điểm nổi bật ở mỗi dòng tivi mới ra mắt. Với dòng tivi LG NanoCell NANO95TPA hình ảnh và màu sắc của tivi đã được nâng cấp lên độ phân giải 8K, màu sắc được hiển thị tinh khiết chính xác hơn, chất lượng sắc nét hơn nâng tầm trải nghiệm xem trở nên chân thực nhất. ','https://hc.com.vn/i/ecommerce/media/ckeditor_3141215.gif'),
		('AV.001206',N'Thiết kế Sony KD-85Z8H độc đáo, tinh tế',N'Ý tưởng thiết kế one slate: Thiết kế one slate mỏng và giản đơn giúp bạn tập trung vào màn hình, đồng thời hòa quyện trong bất kỳ căn phòng nào.','https://hc.com.vn/i/ecommerce/media/ckeditor_2767494.jpg'),
		('AV.001206',N'Tái tạo dải màu rộng hơn, chính xác hơn với công nghệ TRILUMINOS Display',N'Bằng cách mở rộng phổ màu, TRILUMINOS Display trên tivi Sony 85Z8H được hỗ trợ sức mạnh bởi bộ xử lý X1 giúp tái tạo nhiều màu sắc hơn so với TV thông thường. Công nghệ này phân tích và xử lý dữ liệu trong mỗi hình ảnh giúp màu sắc trở nên tự nhiên và chính xác hơn, nhờ đó mang lại hình ảnh cuối cùng trông chân thực hơn bao giờ hết.','https://hc.com.vn/i/ecommerce/media/ckeditor_2767488.jpg'),
		('AV.001420',N'Thiết kế sang trọng và tinh tế',N'Sở hữu thiết kế cao cấp hiện đại kết hợp với kiểu dáng tinh tế, tivi OLED LG 77 inch OLED77ZXPTA dễ dàng hòa hợp với không gian nội thất ngôi nhà của bạn, mang đến vẻ đẹp sang trọng và đẳng cấp. ','https://hc.com.vn/i/ecommerce/media/ckeditor_2867626.jpg'),
		('AV.001420',N'Màn hình cỡ lớn 77 inch',N'Với kích cỡ màn hình lớn, tivi LG NanoCell 77 inch có thể dễ dàng bố trí trong nhiều không gian khác nhau từ phòng hội nghị, phòng khách cho tới phòng ngủ, phòng bếp...Màn hình 77 inch giúp từng chi tiết nhỏ được khai phá trở nên sắc nét ấn tượng, truyền tải trọn vẹn từng cung bậc cảm xúc với dải sắc màu cuộc sống được tái hiện hoàn hảo, chân thực ngay trong chính căn phòng bạn, giúp bạn có những trải nghiệm tuyệt vời trong ngay chính ngôi nhà của mình. ','https://hc.com.vn/i/ecommerce/media/ckeditor_2867635.jpg');
INSERT INTO MoTa 
	VALUES('AV.002221',N'Thiết kế Infinity One màn hình vô cực nâng tầm trải nghiệm xem',N'Smart Tivi Neo QLED Samsung 8K 65 inch QA65QN900A là dòng tivi Neo QLED 8K sở hữu thiết kế Infinity One màn hình vô cực kết hợp cạnh viền siêu mỏng tạo nên một tuyệt tác, điểm nhấn ấn tượng cho không gian nội thất nhà bạn mang đến cho người dùng thế giới giải trí hấp dẫn, cuốn hút thông qua màn hình 8K một cách chân thực. Cạnh viền gần như vô hình giúp bạn hoàn toàn tập trung trải nghiệm nội dung ưa thích mà không bị xao nhãng.','https://hc.com.vn/i/ecommerce/media/ckeditor_3087940.jpg'),
		('AV.002221',N'Độ phân giải 8K cho khung hình sắc nét vượt trội',N'Tivi Samsung được trang bị độ phân giải 8K cho phép bạn thưởng thức khung hình rõ nét vượt trội với 33 triệu điểm ảnh, hình ảnh hiển thị sắc nét gấp 4 lần 4K thông thường cho phép bạn được trải nghiệm các chương trình giải trí thêm thú vị, chân thực đến từng chi tiết nhỏ.','https://hc.com.vn/i/ecommerce/media/ckeditor_3087948.jpg'),
		('AV.002224',N'Thiết kế Infinity One màn hình vô cực nâng tầm trải nghiệm xem',N'Smart Tivi Neo QLED Samsung 8K 65 inch QA65QN800A là dòng tivi Neo QLED 8K sở hữu thiết kế Infinity One màn hình vô cực kết hợp cạnh viền siêu mỏng tạo nên một tuyệt tác, điểm nhấn ấn tượng cho không gian nội thất nhà bạn mang đến cho người dùng thế giới giải trí hấp dẫn, cuốn hút thông qua màn hình 8K một cách chân thực. Cạnh viền gần như vô hình giúp bạn hoàn toàn tập trung trải nghiệm nội dung ưa thích mà không bị xao nhãng.','https://hc.com.vn/i/ecommerce/media/ckeditor_3087940.jpg'),
		('AV.002224',N'Độ phân giải 8K cho khung hình sắc nét vượt trội ',N'Tivi Samsung được trang bị độ phân giải 8K cho phép bạn thưởng thức khung hình rõ nét vượt trội với 33 triệu điểm ảnh, hình ảnh hiển thị sắc nét gấp 4 lần 4K thông thường cho phép bạn được trải nghiệm các chương trình giải trí thêm thú vị, chân thực đến từng chi tiết nhỏ.','https://hc.com.vn/i/ecommerce/media/ckeditor_3087948.jpg'),
		('00033675',N'QLED Samsung thiết kế hoàn hảo đến từng chi tiết',N'Smart Tivi QLED Samsung 8K 65 inch QA65Q900RBKXXV sở hữu thiết kế hoàn hảo siêu mỏng, hình ảnh sắc nét mang đến không gian hiện đại cho không gian sống căn phòng của bạn.','https://hc.com.vn/i/ecommerce/media/ckeditor_1948370.jpg'),
		('00033675',N'Độ phân giải 8K',N'Cho người dùng cảm nhận khi nhìn vào chất lượng hình ảnh chân thực bạn chưa từng thấy ngay tại QA65Q900RBKXXV. Trên một khung hình sống động, từng chi tiết nhỏ nhất được tái tạo tỉ mỉ đến khó tin, kết hợp với độ phân giải đỉnh cao, TV Samsung QLED 8K 65Q900R như bao trùm mọi giác quan, biến từng thước phim trở nên chân thật như chính bạn đang chứng kiến.','https://hc.com.vn/i/ecommerce/media/ckeditor_1948375.jpg'),
		('AV.000544',N'QLED Samsung thiết kế hoàn hảo đến từng chi tiết',N'Sở hữu kiểu dáng hiện đại Tivi Samsung 55Q900R, đường nét tinh tế, mang đến trải nghiệm xem vượt trội hơn, giúp gian phòng bố trí thêm sang trọng, trang nhã hơn.','https://hc.com.vn/i/ecommerce/media/ckeditor_2834445.jpg'),
		('AV.000544',N'Công nghệ chấm lượng tử Quantum Dot Smart Samsung QA55Q900R',N'Như vậy, nó có tác dụng của các chấm lượng tử, tivi Samsung QLED Smart thể hiện hoàn hảo mọi dải sắc màu ở mọi điều kiện sáng khác nhau, cải thiện mọi góc nhìn của người xem đáng kể, tránh cảm giác màu nhạt nhoà và khó quan sát.','https://hc.com.vn/i/ecommerce/media/ckeditor_2834574.jpg'),
		('AV.000898',N'Màn hình vô cực cho không gian giải trí bất tận',N'Smart Tivi QLED Samsung 8K 85 inch 85Q950TS là dòng tivi QLED 8K sở hữu màn hình vô cực kết hợp cạnh viền siêu mỏng tạo nên một tuyệt tác, điểm nhấn ấn tượng cho không gian nội thất nhà bạn mang đến cho người dùng thế giới giải trí hấp dẫn, cuốn hút thông qua màn hình 8K một cách chân thực.','https://hc.com.vn/i/ecommerce/media/ckeditor_2703616.jpg'),
		('AV.000898',N'Công nghệ Quantum Dot hiển thị 100% dải màu sắc cho hình ảnh sống động như thật',N'Samsung mang đến cho người dùng một trải nghiệm mới chính là công nghệ chấm lượng tử, công nghệ này cho phép tivi có thể đạt độ sáng lên đến 4000 nit giúp hiển thị hình ảnh HDR được sắc nét và chân thực hơn. Hơn nữa, tivi còn được tích hợp thêm công nghệ Quantum HDR cải thiện độ chính xác màu sắc, tối ưu độ tương phản và điều chỉnh và tạo ra đúng loại ánh sáng phù hợp.','https://hc.com.vn/i/ecommerce/media/ckeditor_2703600.jpg'),
		('00030980',N'Thiết kế mỏng, tinh tế',N'Android Tivi Sharp 4K LC-50UA6800X thiết kế tinh tế với viền màn hình siêu mỏng tạo nét đẹp sang trọng cho không gian nội thất. Thiết kế chân đế chữ V chắc chắn giúp tivi có thể đứng vững trên nhiều bề mặt phẳng khác nhau như: Thảm, gỗ, kính hay kim loại...','https://hc.com.vn/i/ecommerce/media/ckeditor_1936944.jpg'),
		('00030980',N'Tính năng Real Colour cho hình ảnh sống động, rực rỡ',N'Android Tivi Sharp tích hợp tính năng Real Colour có khả năng tái tạo dải màu sắc rộng hơn 123% so với các TV thông thường. Các màu đỏ và xanh được hiển thị một cách tự nhiên, chân thực nhất tạo màu sắc sống động trong mỗi thước hình,  đem lại trải nghiệm hoàn hảo cho bạn khi xem những cảnh phim về tự nhiên, con người.','https://hc.com.vn/i/ecommerce/media/ckeditor_1936946.jpg'),
		('00031454',N'Thiết kế sang trọng',N'Android Tivi Sharp 4K LC-60UA6800X  thiết kế tinh tế với viền màn hình siêu mỏng tạo nét đẹp sang trọng cho không gian nội thất. Thiết kế chân đế chữ V chắc chắn giúp tivi có thể đứng vững trên nhiều bề mặt phẳng khác nhau như: Thảm, gỗ, kính hay kim loại...','https://hc.com.vn/i/ecommerce/media/ckeditor_1934036.jpg'),
		('00031454',N'Độ phân giải UHD 4K cùng công nghệ HDR tạo hình ảnh sinh động, sắc nét',N'Android Tivi Sharp LC-60UA6800X  được trang bị độ phân giải lên đến 4K, cho độ nét hình ảnh cao gấp 4 lần TV FHD, mang đến những hình ảnh sắc nét và chân thực. Cùng với công nghệ HDR giúp mở rộng dải ánh sáng, tạo hình ảnh có chiều sâu vượt trội hơn,  giúp hiển thị hình ảnh ở các vùng sáng hoặc tối rõ nét hơn. Công nghệ HDR tối ưu hoá chi tiết hình ảnh đẹp đến từng chi tiết cho bạn thưởng thức từng khoảnh khắc sống động và sắc nét ngay cả trong khung hình tối nhất.','https://hc.com.vn/i/ecommerce/media/ckeditor_1934037.jpg'),
		('00030375',N'Chất lượng hình ảnh tivi Sony 75Z9F 4K với độ phân giải gấp 4 lần Full HD cho hình ảnh cực kì sắc nét',N'Tivi 4K được trang bị 3.840 điểm ảnh ngang và 2.160 điểm ảnh dọc, tương ứng với 8,3 triệu điểm ảnh sẽ trải khắp màn hình Sony 75Z9F đảm bảo hình ảnh có độ sắc nét đến từng chi tiết nhỏ, giúp tivi truyền tải hình ảnh có độ nét vượt trội với từng chi tiết, chuyển động được mượt mà và sống động như thật.','https://hc.com.vn/i/ecommerce/media/ckeditor_2850595.jpg'),
		('00030375',N'Công nghệ X – Wide Angle – Đảm bảo chất lượng hình ảnh từ mọi góc nhìn',N'Tivi  KD-75Z9F sở hữu công nghệ X-Wide Angle đảm bảo chất lượng hình ảnh ở mọi góc nhìn, cho phép màu sắc không bị thay đổi ngay cả khi nhìn ở góc lệch.','https://hc.com.vn/i/ecommerce/media/ckeditor_2805687.jpg'),
		('00030379',N'Công nghệ TRILUMINOS Display tái tạo hình ảnh rực rỡ và sống động hơn',N'TRILUMINOS trên tivi OLED Sony 65 inch 65A9F hiển thị dải màu sắc rộng hơn, tạo hình ảnh với màu sắc chân thực, tự nhiên, đặc biệt là màu đỏ, xanh lục hay xanh lam được thể hiện một cách rực rỡ và bắt mắt cho hình ảnh hiển thị sống động, ấn tượng đến từng chi tiết.','https://hc.com.vn/i/ecommerce/media/ckeditor_1920911.jpg'),
		('00030379',N'Android tivi Sony 65A9F xử lý hình ảnh hiện đại với chip X1 Ultimate',N'Dòng chip X1 Ultimate với khả năng phát hiện và phân tích hàng trăm đối tượng, vật thể khác nhau trên màn hình. Từ đó giúp tivi Sony KD-65A9F tăng cường độ sáng, chi tiết và màu sắc một cách thông minh để tạo chiều sâu hình ảnh chân thực và rõ ràng nhất.','https://hc.com.vn/i/ecommerce/media/ckeditor_1920913.jpg'),
		('00031468',N'Độ phân giải 4K cho hình ảnh sắc nét',N'Tivi Toshiba 50 Inch 50U7880VN với độ phân giải UHD 4K đem tới chất lượng hình ảnh vô cùng sắc nét, sống động như thật','https://hc.com.vn/i/ecommerce/media/ckeditor_1953416.jpg'),
		('00031468',N'Hệ điều hành Android thân thiện, dễ sử dụng',N'Tivi Toshiba sử dụng hệ điều hành Android thân thiện dễ sử dụng. Kho ứng dụng đa dạng như: YouTube, Trình duyệt web, Netflix,… Ngoài ra, người dùng có thể dễ dàng tải thêm các ứng dụng khác trên Google Play, sẽ mang đến không giản giải trí tuyệt vời.','https://hc.com.vn/i/ecommerce/media/ckeditor_1953420.jpg'),
		('00028056',N'Màn hình 49 inch rộng lớn, độ phân giải cao',N'Android Tivi TCL 4K 49 inch L49C2-UF thiết kế màn hình rộng lên tới 49 inch cùng với độ phân giải 4K UHD cho hiển thị hình ảnh chất lượng cao gấp 4 lần Full HD vì thế hình ản vô cùng sắc nét. Nhờ công nghệ mới này, sản phẩm sẽ đem đến cho bạn trải nghiệm hình ảnh chân thực và sống động tới từng chi tiết mà các dòng tivi trước đây chưa hề có được.','https://hc.com.vn/i/ecommerce/media/ckeditor_1831766.jpg'),
		('00028056',N'Kết nối không dây tiện ích',N'Android Tivi TCL 4K 49 inch L49C2-UF được tích hợp tính năng kết nối Internet thông qua cổng LAN hoặc Wifi không dây giúp bạn dễ dàng truy cập thế giới giải trí vô tận, không giới hạn. Đặc biệt, sản phẩm cũng được lắp đặt sẵn đầu thu KTS DVB-T2 giúp bạn xem hoàn toàn miễn phí nhiều chương trình truyền hình kỹ thuật số chất lượng cao.','https://hc.com.vn/i/ecommerce/media/ckeditor_1831765.jpg'),
		('00028073',N'Thiết kế tinh tế và sang trọng',N'Tivi Sharp 4K 60 inch LC-60UA440X là một chiếc tivi mang đậm phong cách sống hiện đại với màn hình tràn viền tuyệt đẹp. Không chỉ tiết kiệm không gian sử dụng, không chỉ là một thiết bị giải trí, tivi Sharp còn giúp tô điểm thêm cho tổ ấm của gia đình bạn.','https://hc.com.vn/i/ecommerce/media/ckeditor_1827897.jpg'),
		('00028073',N'Tivi 4K sắc nét và sống động',N'Tivi Sharp 4K 60 inch LC-60UA440X là chiếc tivi được trang bị những tính năng ưu việt nhất của dòng tivi Sharp với đặc điểm nổi bật nhất được  chính là công nghệ hình ảnh 4K. Với màn hình LED 60”  lớn kết hợp cùng công nghệ 4K Ultra HD với độ phân giải 3840x2160px gấp 4 lần chế độ Full HD cho chất lượng hình ảnh sắc nét và sống động đến từng chi tiết, mang đến những khung hình đẹp đến bất ngờ cho người xem.','https://hc.com.vn/i/ecommerce/media/ckeditor_1827554.jpg'),
		('00027312',N'Thiết kế sang trọng, đơn giản lịch lãm',N'Smart Tivi QLED Samsung 4K 75 inch QA75Q9FAMKXXV  một sản phẩm đỉnh cao của công nghệ Tivi, với thiết kế tràn viền tinh tế, cùng thiết kế tối giản trong việc kết nối, giúp tối ưu không gian của gia đình bạn.','https://hc.com.vn/i/ecommerce/media/ckeditor_2859271.jpg'),
		('00027312',N'QLED – Đỉnh cao công nghệ Tivi',N'Với công nghệ Quantum Dot – Chấm lượng tử thế hệ mới với lõi hợp kim tiên tiến, tivi Samsung QA75Q9F sẽ mang đến màu sắc hoàn hảo chưa từng có, để bạn có được những trải nghiệm hình ảnh cùng thước phim ấn tượng.','https://hc.com.vn/i/ecommerce/media/ckeditor_2859276.jpg'),
		('AV.002405',N'Thiết kế màn hình OLED ấn tượng, đường nét tinh tế viền màn hình siêu mỏng',N'Smart Tivi OLED LG 4K 48 inch 48A1PTA gây ấn tượng người dùng với phong cách thiết kế đẳng cấp, công nghệ màn hình OLED hiện đại, viền màn hình siêu mỏng cảm giác như tràn viền giúp bạn tập trung hoàn toàn vào màn hình trải nghiệm nội dung ưa thích mà không bị xao nhãng, mở rộng thế giới giải trí thêm đa dạng và phong phú hơn, tạo điểm nhấn cho không gian nội thất nhà bạn.','https://hc.com.vn/i/ecommerce/media/ckeditor_3163406.jpg'),
		('AV.002405',N'Độ phân giải 4K cho hình ảnh hiển thị sắc nét vượt trội',N'Smart Tivi OLED LG 4K 48 inch 48A1PTA được trang bị độ phân giải 4K cho phép truyền tải hình ảnh sắc nét và chi tiết rõ rệt hơn so với tivi HD thông thường kết hợp với công nghệ OLED mang đến cho người dùng trải nghiệm chất lượng hình ảnh 4K vượt trội.','https://hc.com.vn/i/ecommerce/media/ckeditor_3151523.PNG'),
		('00028814',N'Thiết kế siêu đẳng cấp, hiện đại',N'Smart Tivi OLED 77W7T với thiết kế mới lạ, hệ thống loa của tivi được tách rời khỏi màn hình, mang đến vẻ đẹp sang trọng và độc đáo trong chính không gian nội thất gia đình bạn.','https://hc.com.vn/i/ecommerce/media/ckeditor_2840379.jpg'),
		('00028814',N'Công nghệ màn hình OLED với điểm ảnh tự phát sáng trên tivi LG 77W7T',N'Tivi OLED LG sở hữu những điểm ảnh có khả năng tự phát sáng, mang lại sắc đen sâu thẳm tuyệt đối, giúp việc tái hiện màu sắc trở nên hoàn hảo, khiến những thước hình của tivi LG trở nên cực kì ấn tượng.','https://hc.com.vn/i/ecommerce/media/ckeditor_2840382.jpg'),
		('AV.002402',N'Thiết kế màn hình OLED ấn tượng, đường nét tinh tế viền màn hình siêu mỏng',N'Smart Tivi OLED LG 4K 55 inch 55B1PTA gây ấn tượng người dùng với phong cách thiết kế đẳng cấp, công nghệ màn hình OLED hiện đại, viền màn hình siêu mỏng cảm giác như tràn viền giúp bạn tập trung hoàn toàn vào màn hình trải nghiệm nội dung ưa thích mà không bị xao nhãng, mở rộng thế giới giải trí thêm đa dạng và phong phú hơn, tạo điểm nhấn cho không gian nội thất nhà bạn.','https://hc.com.vn/i/ecommerce/media/ckeditor_3158866.jpg'),
		('AV.002402',N'Độ phân giải 4K cho hình ảnh hiển thị sắc nét vượt trội',N'Smart Tivi OLED LG 4K 55 inch 55B1PTA được trang bị độ phân giải 4K cho phép truyền tải hình ảnh sắc nét và chi tiết rõ rệt hơn so với tivi HD thông thường kết hợp với công nghệ OLED mang đến cho người dùng trải nghiệm chất lượng hình ảnh 4K vượt trội.','https://hc.com.vn/i/ecommerce/media/ckeditor_3151523.PNG'),
		('AV.002400',N'Thiết kế màn hình OLED ấn tượng, viền màn hình siêu mỏng cảm giác như tràn viền',N'Smart Tivi OLED LG 4K 48 inch 48C1PTB gây ấn tượng người dùng với phong cách thiết kế đẳng cấp, công nghệ màn hình OLED hiện đại, viền màn hình siêu mỏng cảm giác như tràn viền giúp bạn tập trung hoàn toàn vào màn hình trải nghiệm nội dung ưa thích mà không bị xao nhãng, mở rộng thế giới giải trí thêm đa dạng và phong phú hơn, tạo điểm nhấn cho không gian nội thất nhà bạn.','https://hc.com.vn/i/ecommerce/media/ckeditor_3151149.jpg'),
		('AV.002400',N'Độ phân giải 4K cho hình ảnh hiển thị sắc nét vượt trội',N'Smart Tivi OLED LG 4K 48 inch 48C1PTB được trang bị độ phân giải 4K cho phép truyền tải hình ảnh sắc nét và chi tiết rõ rệt hơn so với tivi HD thông thường kết hợp với công nghệ OLED mang đến cho người dùng trải nghiệm chất lượng hình ảnh 4K vượt trội.','https://hc.com.vn/i/ecommerce/media/ckeditor_3151523.PNG'),
		('AV.002200',N'Thiết kế NeoSlim siêu mỏng như một kiệt tác nghệ thuật tô điểm không gian sống',N'Smart Tivi Neo QLED Samsung 4K 50 inch QA50QN90A sở hữu thiết kế theo phong cách NeoSlim màn hình tràn viền 4 cạnh ấn tượng mở rộng không gian màn hình hiển thị cho phép người dùng trải nghiệm những hình ảnh sống động, sắc nét hơn, nâng tầm không gian sống hiện đại cho ngôi nhà của bạn.','https://hc.com.vn/i/ecommerce/media/ckeditor_3084419.jpg');
INSERT INTO MoTa 
	VALUES('AV.002200',N'Bộ xử lý Neo Quantum 4K tối ưu hóa khả năng hiển thị hình ảnh chất lượng kết hợp với trí thông minh nhân tạo AI',N'Tivi Samsung sở hữu bộ xử lý Neo Quantum 4K nâng cấp hình ảnh có chất lượng không phải 4K lên gần chuẩn 4K nhất, với bộ xử lý Neo Quantum 4K tích hợp trí thông minh nhân tạo AI tự động phân tích nội dung nguồn nhằm khử nhiễu hình ảnh, tinh chỉnh âm thanh, tái tạo những chi tiết bị mất cho bạn những trải nghiệm các chương trình giải trí, tin tức, thể thao...chân thực nhất.','https://hc.com.vn/i/ecommerce/media/ckeditor_3084417.jpg'),
		('AV.002233',N'Thiết kế Infinity One màn hình vô cực nâng tầm trải nghiệm xem',N'Smart Tivi Neo QLED Samsung 8K 85 inch QA85QN900A là dòng tivi Neo QLED 8K sở hữu thiết kế Infinity One màn hình vô cực kết hợp cạnh viền siêu mỏng tạo nên một tuyệt tác, điểm nhấn ấn tượng cho không gian nội thất nhà bạn mang đến cho người dùng thế giới giải trí hấp dẫn, cuốn hút thông qua màn hình 8K một cách chân thực. Cạnh viền gần như vô hình giúp bạn hoàn toàn tập trung trải nghiệm nội dung ưa thích mà không bị xao nhãng.','https://hc.com.vn/i/ecommerce/media/ckeditor_3087940.jpg'),
		('AV.002233',N'Độ phân giải 8K cho khung hình sắc nét vượt trội',N'Tivi Samsung được trang bị độ phân giải 8K cho phép bạn thưởng thức khung hình rõ nét vượt trội với 33 triệu điểm ảnh, hình ảnh hiển thị sắc nét gấp 4 lần 4K thông thường cho phép bạn được trải nghiệm các chương trình giải trí thêm thú vị, chân thực đến từng chi tiết nhỏ.','https://hc.com.vn/i/ecommerce/media/ckeditor_3087948.jpg'),
		('00030567',N'Thiết kế màn hình cong sang trọng',N'Tivi Samsung 55 inch là lựa chọn ấn tượng cho nhiều không gian như:  phòng khách, phòng họp, phòng làm việc… tôn lên nét đẹp tiện nghi, hiện đại cho nội thất căn phòng.','https://hc.com.vn/i/ecommerce/media/ckeditor_1940745.jpg'),
		('00030567',N'Độ phân giải UHD 4K cho hình ảnh sắc nét',N'Tivi QA55Q8CN Samsung 4K được trang bị độ phân giải lên đến 4K, cho độ nét hình ảnh cao gấp 4 lần TV FHD, giúp bạn tận hưởng hình ảnh một cách sắc nét, rõ ràng và chân thực.','https://hc.com.vn/i/ecommerce/media/ckeditor_1940746.jpg'),
		('00026859',N'Q Colour – Dải màu rộng vượt trội QLED Samsung QA55Q8CAMKXXV TV',N'Smart Tivi Samsung với dãy sắc màu rộng mang đến cho bạn những cảm xúc đỉnh cao mỗi khi xem tivi, bạn sẽ được khám phá thế giới sắc màu vô cùng ấn tượng.','https://hc.com.vn/i/ecommerce/media/ckeditor_1818252.jpg'),
		('00027225',N'Thiết kế đơn giản, dễ xếp đặt trong nhiều vị trí',N'Loa Soundbar Samsung HW-K350/XV thiết kế với màu đen sang trọng, gồm 1 loa trầm và 1 loa thanh kiểu dáng tinh tế, phù hợp đặt tại nhiều vị trí trong căn phòng, tạo điểm nhấn ấn tượng cho không gian nội thất.','https://hc.com.vn/i/ecommerce/media/ckeditor_1725771.png'),
		('00027225',N'Âm trầm mạnh mẽ ',N'Loa Samsung HW-K350/XV có loa siêu trầm mạnh mẽ tạo âm thanh chân thực đến từng cung bậc thanh âm, đảm bảo chất lượng âm thanh hoàn hảo. ','https://hc.com.vn/i/ecommerce/media/ckeditor_1725772.png'),
		('00033753',N'Thiết kế sang trọng, phong cách tối giản',N'Loa Soundbar Samsung HW-Q60R/XV thiết kế gồm loa siêu trầm hình khối và loa thanh cùng tông màu đen sang trọng, các cạnh góc vuông tinh tế theo phong cách tối giản nhưng vẫn được tích hợp đầy đủ các tính năng hiện đại, phù hợp lắp đặt trong mọi không gian.','https://hc.com.vn/i/ecommerce/media/ckeditor_3282514.jpg'),
		('00033753',N'Chế độ Game Mode tối ưu âm thanh chân thật nhất',N'Chế độ Game Mode trên loa thanh Samsung sẽ tự động tối ưu các thiết lập âm thanh phù hợp với từng cảnh game, đồng thời công nghệ khử nhiễu xuyên âm giúp loại bỏ tạp âm tránh xao nhãng cho người chơi trải nghiệm, nhập vai các nhân vật trong game như thật.','https://hc.com.vn/i/ecommerce/media/ckeditor_3282529.jpg'),
		('00025249',N'Thiết kế nhỏ gọn, hiện đại',N'Loa SoundBar Sony HT-RT3M SP1 thiết kế sang trọng và hiện đại. Kích thước nhỏ gọn cùng kiểu dáng siêu mỏng cao cấp giúp bạn dễ dàng bố trí loa trong mọi không gian như treo tường, bàn TV, kệ tủ… ','https://hc.com.vn/i/ecommerce/media/ckeditor_1730262.png'),
		('00025249',N'Loa Subwoofer không dây',N'Dàn âm thanh soundbar Sony được thiết kế với Loa Subwoofer không dây tiện lợi giúp bạn có thể đặt loa ở bất kì vị trí nào mong muốn để tận hưởng với âm bass mạnh mẽ và vang dội.','https://hc.com.vn/i/ecommerce/media/ckeditor_1730263.jpg'),
		('00013882',N'Thiết kế sang trọng, tinh tế',N'Dàn âm thanh Samsung HW-H551/XV sở hữu thiết kế hiện đại, các đường nét tinh tế tạo điểm thu hút ấn tượng cho không gian nội thất. Loa SoundBar Samsung có kiểu dáng gọn gàng nên bạn có thể xếp đặt loa tại nhiều vị trí, hài hoà với không gian chung.','https://hc.com.vn/i/ecommerce/media/ckeditor_3285258.jpg'),
		('00013882',N'Hệ thống loa Samsung 2.1 kênh cùng công suất loa mạnh mẽ kết hợp cùng loa trầm ấn tượng',N'Hệ thống loa Samsung 2.1 kênh cùng công suất loa 320W sống động. Đi cùng là loa trầm giúp tăng cường hiệu ứng mang đến những sắc trầm mạnh mẽ lan tỏa khắp phòng để mọi nội dung âm thanh thêm hấp dẫn, chân thực, cho bạn thoải mái đắm chìm trong không gian giải trí sống động, giàu âm sắc.','https://hc.com.vn/i/ecommerce/media/ckeditor_3285279.jpg'),
		('AV.001886',N'Thiết kế gọn đẹp, sang trọng',N'Loa Soundbar Sony HT-G700 C SP1 thu hút với thiết kế thanh mảnh, gọn đẹp, các đường nét tinh tế. HT-G700 C SP1 sở hữu gam màu đen trung tính, hài hòa với nhiều phong cách nội thất từ cổ điển đến hiện đại. Vỏ loa cứng cáp, chắc chắn đảm bảo độ bền đẹp cao. Loa thanh kiểu dáng gọn đẹp nên bạn có thể xếp đặt ngay dưới tivi tạo điểm nhấn ấn tượng cho không gian nội thất gia đình.','https://hc.com.vn/i/ecommerce/media/ckeditor_3286689.jpg'),
		('AV.001886',N'Hệ thống loa 3.1 kênh và công suất 400 W cho âm thanh mạnh mẽ, sống động',N'Loa Soundbar Sony sở hữu hệ thống loa 3.1 kênh gồm 1 loa center giúp tái tạo chi tiết các âm thanh chính cho lời thoại hay lời bài hát trong rõ hơn. 2 loa trái, phải hỗ trợ tái tạo các âm thanh nền như giai điệu bài hát hay các hiệu ứng âm thanh trong các bộ phim. Kết hợp cùng công suất loa 400 W tạo chất âm to rõ, mạnh mẽ, hạn chế tối đa hiện tượng méo tiếng giúp bạn cảm nhận trọn vẹn dải âm thanh sống động xung quanh mình.','https://hc.com.vn/i/ecommerce/media/ckeditor_3286697.jpg'),
		('AV.000502',N'Thiết kế không dây, di động tiện lợi',N'Dàn âm thanh Sony GTK-PG10C sở hữu thiết kế không dây với tông màu đen sang trọng, kiểu dáng nhỏ gọn, di động thuận tiện trong việc di chuyển. Hơn nữa, với thời lượng pin sử dụng lâu rất thích hợp cho những hoạt động ngoài trời như dã ngoại, tiệc sinh nhật, cắm trại.','https://hc.com.vn/i/ecommerce/media/ckeditor_3285245.jpg'),
		('AV.000502',N'Chất lượng âm thanh sống động, rõ nét',N'Dù bạn đặt loa ở trong nhà hay ngoài trời thì chất lượng âm thanh của loa vẫn không thay đổi, âm thanh phát ra mạnh mẽ, sống động không làm giảm độ rõ nét. Ngoài ra, loa GTK-PG10C còn được tích hợp bộ xử lý tín hiệu kỹ thuật số (DSP) có thể tự động điều chỉnh cài đặt âm thanh để tối ưu hóa hiệu suất sao cho phù hợp với môi trường bên ngoài. ','https://hc.com.vn/i/ecommerce/media/ckeditor_3285252.jpg'),
		('GS.006369',N'Thiết kế dạng đứng nhỏ gọn, hiện đại, mạnh mẽ',N'Loa LG Xboom ON5.DVNMLLK được thiết kế với kiểu dáng hình trụ, nhỏ gọn phù hợp xếp đặt ở nhiều vị trí. Loa thiết kế màu đen bóng chủ đạo với các cạnh phía trên được bo tròn tạo nét đẹp mạnh mẽ, sang trọng.','https://hc.com.vn/i/ecommerce/media/ckeditor_3305577.jpg'),
		('GS.006369',N'Công suất 300 W cùng công nghệ Super Bass Boost cho âm thanh sống động, âm trầm mạnh mẽ',N'Loa LG Xboom ON5 có công suất 300W cho âm thanh lớn lan tỏa khắp không gian, mang đến cho bạn trải nghiệm âm nhạc sôi động.','https://hc.com.vn/i/ecommerce/media/ckeditor_3305638.jpg'),
		('00033291',N'Thiết kế đơn giản, hiện đại',N'Bình nóng lạnh Ariston 20 lít SL2 20 RS 2.5 FE có thiết kế dạng chữ nhật ngang đơn giản, dễ dàng lắp đặt ở những căn phòng tắm có trần tương đối thấp, mang đến vẻ đẹp hài hòa cho không gian nội thất.','https://hc.com.vn/i/ecommerce/media/ckeditor_2584312.jpg');
INSERT INTO MoTa 
	VALUES('00033291',N'',N'Đi cùng dung tích bình chứa là 20 lít, đi cùng là công suất 2500W thì bình tắm nóng lạnh này là một sự lựa chọn lý tưởng cho gia đình ít người (dưới 3 thành viên).','https://hc.com.vn/i/ecommerce/media/ckeditor_2584319.jpg'),
		('00033291',N'Bình tắm nóng lạnh mang đến nhiều công dụng cho người sử dụng',N'Với chiếc bình tắm nóng lạnh Ariston có thể chia thành nhiều đường dẫn nước, bạn có thể sử dụng được nước nóng cho rất nhiều sinh hoạt khác nhau và tùy chỉnh nhiệt độ nước phù hợp với từng nhu cầu sử dụng: tắm bồn, tắm vòi sen, rửa mặt hoặc rửa rau, củ, trái cây....','https://hc.com.vn/i/ecommerce/media/ckeditor_2584313.jpg'),
		('00033291',N'Cầu dao chống rò điện ELCB',N'Nhờ có cầu dao chống giật điện ELCB thông minh giúp máy tự động ngắt nguồn nếu phát hiện ra sự cố rò rỉ, hạn chế sự cố chạm điện bên trong máy, bảo vệ an toàn tuyệt đối cho cả gia đình bạn và người thân khỏi nguy cơ bị điện giật.','https://hc.com.vn/i/ecommerce/media/ckeditor_2584315.jpg'),
		('00033291',N'Hệ thống tạo Ion Bạc khử trùng, mang lại nguồn nước nóng sạch khuẩn',N'Bình nóng lạnh gián tiếp Ariston được trang bị công nghệ Ion Bạc diệt khuẩn, để lọc nước. Nhờ vậy bình sẽ giúp ngăn chặn sự sinh sôi, phát triển của vi khuẩn gây hại hay dị ứng, mang lại cho bạn nguồn nước nóng sạch khuẩn và an toàn.','https://hc.com.vn/i/ecommerce/media/ckeditor_2584316.jpg'),
		('00033291',N'Lòng bình được tráng lớp men TITAN ngăn chặn nước rò rỉ',N'Titan là chất liệu rất bền, chịu nhiệt độ cao, chống ăn mòn tốt. Vì thế, sản phẩm bình nóng lạnh này có thể chống rò rỉ nước từ bên trong cực tốt, tăng cường tuổi thọ cho máy.','https://hc.com.vn/i/ecommerce/media/ckeditor_2584314.jpg'),
		('00032087',N'Kiểu dáng nhỏ gọn, trang nhã',N'Bình nóng lạnh gián tiếp Ariston AN2 30 R 2.5 FE – MT mang sắc màu trang nhã, đi cùng thiết kế hình hộp vuông nhỏ gọn, phù hợp mọi kiểu không gian và không chiếm nhiều diện tích của phòng tắm.','https://hc.com.vn/i/ecommerce/media/ckeditor_2718767.jpg'),
		('00032087',N'Bình chứa dung tích 30 lít',N'Bình nóng lạnh Ariston AN2 30 R 2.5 FE – MT có bình chứa với dung tích 30 lít, là lựa chọn lý tưởng cho gia đình dưới 5 thành viên.','https://hc.com.vn/i/ecommerce/media/ckeditor_2718768.jpg'),
		('00032087',N'Cầu dao chống rò điện ELCB',N'Khi phát hiện sự cố rò rỉ điện, cầu dao ELCB của bình nóng lạnh Ariston sẽ tự động ngắt mạch điện hoạt động, bảo vệ an toàn cho bạn và gia đình. Kết hợp với lớp vỏ ngoài chống thấm nước IPX1 bảo vệ cho các linh kiện bên trong khỏi nguy cơ bị chập mạch, cháy nổ do nước thấm, giúp bình nóng lạnh luôn bền đẹp.','https://hc.com.vn/i/ecommerce/media/ckeditor_2718770.jpg'),
		('00032087',N'Bộ ổn định nhiệt TBST',N'Bình nóng lạnh AN2 30 R 2.5 FE – MT sẽ tự động ngắt chức năng làm nóng khi nhiệt độ nước vượt quá mức cho phép, bảo vệ an toàn cho làn da của bạn. Theo đó, bạn sẽ không còn lo lắng vì nước quá nóng gây bỏng rát cho làn da, đặc biệt là da trẻ nhỏ.',''),
		('00032087',N'Lòng bình tráng men titan bền đẹp',N'Ariston AN2 30 R 2.5 FE – MT thiết kế lòng bình tráng men titan bền đẹp, ngăn chặn tối ưu tình trạng rò rỉ nước từ bên trong','https://hc.com.vn/i/ecommerce/media/ckeditor_2718771.jpg'),
		('GD.001462',N'Thiết kế đơn giản, hiện đại',N'Bình nóng lạnh gián tiếp Ariston SL2 30 R 2.5 FE MT sở hữu thiết kế dạng chữ nhật ngang đơn giản nhưng không kém phần tinh tế, mang đến sự hài hòa cho không gian nội thất. Đi cùng công suất 2500W và dung tích bình chứa lên đến 30 lít, bình tắm nóng lạnh này là lựa chọn phù hợp cho những gia đình 3 - 5 người hoặc ít thành viên hơn nhưng có nhu cầu sử dụng nhiều nước nóng.','https://hc.com.vn/i/ecommerce/media/ckeditor_2718775.jpg'),
		('GD.001462',N'Cầu dao chống rò điện ELCB',N'Khi phát hiện sự cố rò rỉ điện, cầu dao ELCB của bình nóng lạnh Ariston sẽ tự động ngắt mạch điện hoạt động, bảo vệ an toàn cho bạn và gia đình.','https://hc.com.vn/i/ecommerce/media/ckeditor_2718777.jpg'),
		('GD.001462',N'Bộ ổn định nhiệt TBST',N'Bình nóng lạnh Ariston SL2 30 R 2.5 FE MT sẽ tự động ngắt chức năng làm nóng khi nhiệt độ nước vượt quá mức cho phép, bảo vệ an toàn cho làn da của bạn. Theo đó, bạn sẽ không còn lo lắng vì nước quá nóng gây bỏng rát cho làn da, đặc biệt là da trẻ nhỏ.','https://hc.com.vn/i/ecommerce/media/ckeditor_2718779.jpg'),
		('GD.001462',N'Vỏ chống thấm nước',N'Ariston SL2 30 R 2.5 FE MT có vỏ ngoài chống thấm nước bảo vệ cho các linh kiện bên trong khỏi nguy cơ bị chập mạch, cháy nổ do nước thấm, giúp bình nóng lạnh luôn bền đẹp ngay cả trong môi trường có độ ẩm cao.','https://hc.com.vn/i/ecommerce/media/ckeditor_2718781.jpg'),
		('GD.001462',N'Hệ thống tạo Ion Bạc kháng khuẩn làm sạch nước',N'Bình nóng lạnh gián tiếp Ariston được trang bị công nghệ Ion bạc diệt khuẩn giúp ngăn chặn sự sinh sôi, phát triển của vi khuẩn gây hại hay dị ứng, mang lại cho bạn nguồn nước nóng sạch khuẩn và an toàn.','https://hc.com.vn/i/ecommerce/media/ckeditor_2910000.jpg'),
		('GD.001462',N'Lòng bình tráng men titan bền đẹp',N'Bình nóng lạnh gián tiếp Ariston SL2 30 R 2.5 FE MT  thiết kế lòng bình tráng men titan bền đẹp, ngăn chặn tối ưu tình trạng rò rỉ nước từ bên trong.','');

insert into MoTa(SanPhamMaSP,TieuDe,Mota,HinhAnh)
values('00022657',N'Thiết kế ngang độc đáo, trang nhã',N'Bình nóng lạnh Ferroli Verdi-TE 20 có điểm nhấn màu cam nổi bật bên góc phải đi cùng với đó là sắc trắng trang nhã tổng thể, dễ dàng kết hợp với mọi kiểu không gian phòng tắm của gia đình bạn. Dung tích 20 lít giúp bạn trữ nhiều nước nóng hơn và yên tâm thoải mái trong việc sử dụng nước nóng cho cả gia đình khoảng 2 - 3 thành viên trong 1 lần tắm.','https://hc.com.vn/i/ecommerce/media/ckeditor_2584352.jpg'),
		('00022657',N'',N'Máy nước nóng gián tiếp phù hợp với gia đình ở khu vực có khí hậu lạnh, nhất là vào mùa đông khí hậu có thể xuống dưới 20 độ C. Hoặc những gia đình có bồn tắm, hay hộ kinh doanh khách sạn nhỏ cũng rất thích hợp dùng loại máy nước nóng này.','https://hc.com.vn/i/ecommerce/media/ckeditor_2584353.jpg'),
		('00022657',N'Chống rò rỉ điện, bảo đảm an toàn với cầu dao ELCB',N'Trang bị dây nguồn chống giật ELCB, bình nước nóng Ferroli Verdi 20L TE 20 Lít có khả năng phát hiện rò rỉ điện và tự động ngắt nguồn giúp bảo vệ người dùng khỏi những tai nạn do sự cố về điện.','https://hc.com.vn/i/ecommerce/media/ckeditor_2584355.jpg'),
		('00022657',N'Bình chứa tráng men Titanium chống rò rỉ nước từ bên trong',N'Bình chứa của bình nước nóng Ferroli VERDI 20L TE 20 Lít được trang bị lớp men Titan đặc biệt phủ kín bề mặt bên trong bình bằng công nghệ tĩnh điện tiên tiến nhất hiện nay. Sau đó lớp men này sẽ được nung nóng ở 85 độ C, làm cho bề mặt bên trong bình thành một mặt phẳng thống nhất, giúp chống rò rỉ điện và đảm bảo chất lượng nước trong bình nước nóng.','https://hc.com.vn/i/ecommerce/media/ckeditor_2584356.jpg');

insert into MoTa(SanPhamMaSP,TieuDe,Mota,HinhAnh)
values('00022657',N'',N'Thanh nhiệt làm nóng nước được tráng men tăng độ bền, hạn chế ăn mòn và ngăn ngừa mảng bám bẩn.','https://hc.com.vn/i/ecommerce/media/ckeditor_2584354.jpg');

insert into MoTa(SanPhamMaSP,TieuDe,Mota,HinhAnh)
values('00022664',N'Lớp cách nhiệt không chứa CFC',N'Quá trình làm nóng nước sẽ luôn diễn ra nhanh hơn và nước nóng trong bình luôn được bảo quản ở nhiệt độ tốt nhất, kể cả lượng nước chưa sử dụng hết hết, tránh gây lãng phí năng lượng tiêu thụ cũng như khoảng thời gian làm nóng nước. Lớp cách nhiệt có tác dụng đảm bảo tránh được sự thất thoát nhiệt và tiêu hao nhiều điện năng. Lớp cách nhiệt được cấu tạo bằng lớp bột nhựa tổng hợp đậm đặc không có chất hại CFC.','https://hc.com.vn/i/ecommerce/media/ckeditor_2585080.png'),
('00022664',N'Van xả cặn tiện lợi',N'Việc vệ sinh máy sẽ trở nên dễ dàng hơn, người tiêu dùng có thể tự tháo van, xả cặn, sục rửa bình mà không cần phải gọi dịch vụ.','https://hc.com.vn/i/ecommerce/media/ckeditor_2585081.jpg'),
('00022664',N'Rơ le chống cháy khô',N'Để tránh hiện tượng cháy nổ, máy nước của Ferroli được thiết kế rơ le chống cháy khô, khi có hiện tượng xấu xảy ra, rơ le sẽ tự động nhảy, đảm bảo an toàn cao nhất cho người sử dụng. Khi thanh đốt chưa ngập trong nước mà đã được làm nóng, thanh đốt có nguy cơ bị cháy và truyền đến các bộ phận khác trong máy, thậm chí là cháy nguyên máy, gây nguy hại cho người dùng.',''),
('00022664',N'Lớp phủ men xanh bền đẹp',N'Được sản xuất bằng công nghệ sơn mạ tĩnh điện tiên tiến nhất và được đem vào nung trong lò nung ở mức nhiệt 8700 độ C, lớp tráng men có độ dày 250 microns, vì vậy sản phẩm có chất lượng, tuổi thọ cao.',''),
('00022664',N'Bình chứa tráng TiTan siêu bền',N'Bình chứa của Ferroli đã được cải tiến trên công nghệ tráng men Titan nhờ đó giúp đảm bảo độ bền cao, chống va đập, chống sốc.',''),
('00022664',N'Thanh nhiệt tráng men bền bỉ',N'Là thế hệ mới nhất sử dụng bức xạ nhiệt, được sản xuất trên công nghệ PLUS từ trung tâm nghiên cứu và phát triển toàn cầu Ferroli tại San Bonifacio. Công nghệ PLUS đã tạo ra sản phẩm thanh nhiệt chống bám cặn, hiệu suất làm việc cao và tiết kiệm tối đa điện năng.','https://hc.com.vn/i/ecommerce/media/ckeditor_2585083.jpg');

insert into MoTa(SanPhamMaSP,TieuDe,Mota,HinhAnh)
values('00032994',N'Thiết kế sang trọng, tiết kiệm diện tích',N'Bình nóng lạnh trực tiếp Ferroli RITA FS-4.5 TM có thiết kế màu trắng sang trọng cùng kích thước vô cùng nhỏ gọn, sẽ không chiếm nhiều diện tích không gian nhà tắm hay căn bếp của bạn.','https://hc.com.vn/i/ecommerce/media/00032994_FEATURE_57797.jpg'),
('00032994',N'An toàn tuyệt đối khi sử dụng',N'Bình nóng lạnh trực tiếp Ferroli RITA FS-4.5 TM sử dụng cơ chế làm nóng nước bằng dung môi nóng hiện đại, không phải thông qua thanh đun nhiệt bằng điện thông thường nên bạn có thể hoàn toàn yên tâm về hiện tượng rò rỉ điện trong quá trình sử dụng.',''),
('00032994',N'Nhiều chế độ bảo vệ',N'Ngoài chế độ làm nóng tách điện vô cùng an toàn, Ferroli Rita FS-4.5TM còn trang bị nhiều chức năng bảo vệ khác như: chế độ phát hiện lỗi trong lúc sử dụng, chế độ chống quá nhiệt, chống cháy khô khi lượng nước trong bình quá thấp, bộ lọc nâng cao chất lượng nước và kéo dài tuổi thọ cho thiết bị.','https://hc.com.vn/i/ecommerce/media/ckeditor_2585264.jpg'),
('00032994',N'Thay đổi công suất linh hoạt',N'Bình nóng lạnh trực tiếp Ferroli RITA FS-4.5 TM cho phép bạn điều chỉnh 3 mức độ công suất sử dụng phù hợp tùy theo nhiệt độ môi trường bên ngoài, đảm bảo bạn luôn có dòng nước với nhiệt độ thích hợp để sử dụng mà vẫn tiết kiệm điện tối đa.',''),
('00032994',N'Có thể dùng trong nhà bếp',N'Đáp ứng nhu cầu sử dụng nguồn nước nóng đa dạng ngày nay, máy nước nóng Rita được thiết kế để bạn có thể dễ dàng kết nối với các thiết bị sen vòi, vòi rửa… trong phòng tắm lẫn nhà bếp. Bạn không những có thể sử dụng nước nóng để tắm mà còn có thể dùng để rửa bát, nấu nướng, lau dọn nhà bếp…','');

insert into MoTa(SanPhamMaSP,TieuDe,Mota,HinhAnh)
values('00032391',N'Thiết kế đơn giản, thanh lịch',N'Bình nóng lạnh Kangaroo 22 lít KG68A2 có kiểu dáng ngang, thon gọn phù hợp với nhiều không gian phòng tắm khác nhau, đặc biệt là những phòng có trần thấp. Thiết kế trang nhã, nhẹ nhàng, đẹp mắt. Vỏ máy được sơn màu trắng phối vàng đồng tinh tế, lớp sơn sáng bóng ít bám bẩn và dễ dàng lau chùi giữ cho máy bền đẹp trong suốt thời gian sử dụng. Dung tích 22 lít đáp ứng nhu cầu sử dụng của gia đình 3-4 thành viên.','https://hc.com.vn/i/ecommerce/media/ckeditor_2942367.jpg'),
('00032391',N'Bình nóng lạnh gián tiếp phù hợp với khí hậu miền Bắc',N'Bình nóng lạnh Kangaroo KG68A2 hoạt động theo cơ chế làm nóng gián tiếp, phù hợp dùng cho gia đình có bồn tắm, khách sạn nhỏ hoặc khu vực có khí hậu lạnh nhất là vào mùa đông nhiệt độ xuống dưới 20 độ C.','https://hc.com.vn/i/ecommerce/media/ckeditor_2942362.jpg'),
('00032391',N'Công nghệ kháng khuẩn an toàn cho da nhạy cảm',N'Kangaroo đã ứng dụng công nghệ kháng khuẩn tiên tiến cho bình nóng lạnh bằng các phủ lên thanh nhiệt lớp Nano bạc bền bỉ, tăng độ bền của thanh nhiệt lên gấp 50 lần. Đồng thời, các phân tử bạc sẽ phát huy khả năng diệt khuẩn mạnh mẽ, ngăn chặn sự sinh sôi, phát triển của vi khuẩn gây hại hay dị ứng, an toàn tuyệt đối cho trẻ nhỏ và người có làn da nhạy cảm. Công nghệ nano bạc tối ưu bởi nó là chất vô cơ, không gây ảnh hưởng đến thành phần của nước,','https://hc.com.vn/i/ecommerce/media/ckeditor_2942369.jpg'),
('00032391',N'Làm nóng nước nhanh chóng, không cần chờ đợi lâu',N'Kangaroo KG68A2 sử dụng thanh nhiệt mạ bạc không chỉ có tác dụng kháng khuẩn, chống bám cặn mà còn có chức năng làm nóng nước nhanh chóng lên đến 20% so với bình nóng lạnh thông thường. Thêm vào đó là công suất hoạt động mạnh mẽ lên tới 2500W cũng giúp đem đến hiệu quả làm nóng nước trong thời gian ngắn, không tốn nhiều thời gian chờ đợi nước nóng.','https://hc.com.vn/i/ecommerce/media/ckeditor_2942371.jpghttps://hc.com.vn/i/ecommerce/media/ckeditor_2942371.jpg'),
('00032391',N'Điều khiển cơ đơn giản, điều chỉnh dễ dàng',N'Bạn có thể điều chỉnh công suất của bình nóng lạnh Kangaroo KG68A2 bằng điều khiển núm vặn để cài đặt nhiệt độ theo nhu cầu (Ví dụ: mùa hè để công suất thấp, mùa đông để công suất cao) tránh lãng phí điện năng không cần thiết. Đèn LED hiển thị nhiệt độ đun nóng hiện tại của bình được bố trí ngay trên mặt trước máy, giúp người dùng dễ dàng kiểm soát quá trình hoạt động và điều chỉnh phù hợp nhu cầu của gia đình.',''),
('00032391',N'Hệ thống bảo vệ an toàn, an tâm khi sử dụng',N'Bình nóng lạnh gián tiếp Kangaroo KG68A2 được trang bị hệ thống an toàn đồng bộ CSS cùng hệ thống chống giật kép, chống đun khô thông minh, giúp ngăn chặn sự cố rò rỉ điện, sự cố trong quá trình sử dụng nhằm đảm bảo an toàn cho mọi thành viên trong gia đình. Tuy nhiên, để an toàn tuyệt đối, bạn vẫn nên ngắt bình nóng lạnh trước khi tắm.','https://hc.com.vn/i/ecommerce/media/ckeditor_2942370.jpg'),
('00032391',N'Giữ nhiệt lâu, tiết kiệm điện nhờ lớp cách nhiệt PU',N'Máy nước nóng gián tiếp Kangaroo còn sở hữu lớp cách nhiệt mật độ cao PU mang lại hiệu quả cho việc giữ nước nóng được lâu hơn, tránh thất thoát nhiệt, không phải chịu ảnh hưởng bởi nhiệt độ của môi trường bên ngoài bên ngoài. Đặc biệt vào mùa đông, bạn có thể bật nước nóng 1 lần và sử dụng nhiều lần cho việc đánh răng rửa mặt, rửa tay chân mà không cần bật liên tục, giúp tiết kiệm chi phí điện năng hiệu quả.','https://hc.com.vn/i/ecommerce/media/ckeditor_2942360.jpg');

insert into MoTa(SanPhamMaSP,TieuDe,Mota,HinhAnh)
values('GD.002349',N'Thiết kế hiện đại, thanh lịch',N'Máy lọc nước Karofi 9 cấp N-E239 kích thước nhỏ gọn, tiết kiệm diện tích, kiểu dáng hiện đại, thanh lịch thích hợp với mọi vị trí và không gian khác nhau. Thiết kế phẳng kết hợp với những đường bo cong mềm mại, tinh tế. Mặt kính cường lực tạo điểm nhấn sang trọng cho ngôi nhà của bạn.','https://hc.com.vn/i/ecommerce/media/ckeditor_2848246.jpg'),
		('GD.002349',N'Màng lọc lọc RO tiên tiến gấp đôi hiệu suất',N'Màng lọc RO 100GDP nhập khẩu trong máy lọc nước Karofi 9 cấp N-E239 cho tỉ lệ thu hồi nước tinh khiết lên đến 50%-60% (trong điều kiện thí nghiệm tiêu chuẩn). Công suất lọc 20 lít/h, gấp đôi các lõi lọc RO thông thường, đáp ứng nhu cầu nước ăn uống, sinh hoạt cho cả gia đình. Bình áp nhựa đạt chuẩn an toàn sức khỏe của Châu Âu (Phiên bản sử dụng bình áp thép được sản xuất trước 04/2020).',''),
('GD.002349',N'Hệ thống 9 lõi lọc làm sạch vượt trội',N'Bạn sẽ không còn lo lắng về chất lượng nước sử dụng hàng ngày của gia đình với nguồn nước tinh khiết được lọc qua 9 lõi lọc của máy lọc nước Karofi N-E239 loại bỏ 99.99% các chất ô nhiễm, tạp chất. Hơn thế nữa, 5 lõi lọc chức năng giúp bổ sung các khoáng chất thiết yếu cho cơ thể mà màng RO đã lọc bỏ, nhờ đó nguồn nước sau lọc không chỉ an toàn mà còn tốt cho sức khỏe, tránh sự thiếu hụt khoáng chất.','https://hc.com.vn/i/ecommerce/media/ckeditor_2848247.jpg'),
('GD.002349',N'Nước uống trực tiếp đạt Quy chuẩn Quốc gia QCVN6-1:2010/BYT',N'Với hệ thống lọc mạnh mẽ nước sau lọc được lấy từ máy lọc nước Karofi N-E239 đã được chứng nhận đạt chuẩn Quốc gia nước về nước uống trực tiếp, đảm bảo an toàn tuyệt đối cho sức khỏe người sử dụng.','https://hc.com.vn/i/ecommerce/media/ckeditor_2842545.jpg');
insert into MoTa(SanPhamMaSP,TieuDe,Mota,HinhAnh)
values('GD.002349',N'Vòi lấy nước đơn giản, tiện lợi',N'Lấy nước đơn giản, nhanh chóng từ máy lọc nước bằng cần gạt, vòi nước bằng thép không gỉ sáng bóng và độ bền cao.','');

insert into MoTa(SanPhamMaSP,TieuDe,Mota,HinhAnh)
values('00028804',N'',N'Máy lọc nước R.O Hydrogen Kangaroo KG100HA là  dòng sản phẩm máy lọc nước hiện đại, công nghệ tiên tiến, có bổ sung Hydrogen có lợi cho sức khỏe, tạo nguồn nước ngọt lành, an toàn cho sức khỏe. Máy lọc nước phù hợp với nhu cầu sử dụng cho gia đình, nhà hàng, văn phòng… ','https://hc.com.vn/i/ecommerce/media/ckeditor_1706167.jpg'),
('00028804',N'Sử dụng công nghệ vượt trội',N'Máy lọc nước Kangaroo KG100HA sử dụng công nghệ tạo nước Hydrogen bằng khoáng gốm.  Đây là phương pháp chia tách phân tử nước tự nhiên bằng công nghệ hạt nâng cao hiệu năng bằng cách tăng bề mặt tiếp xúc với các hạt khoáng gốm hình cầu. Nhờ đó, máy lọc nước Hydrogen Kangaroo KG 100HA có khả năng tạo ra nước kiềm Hydrogen với độ PH >7  tốt cho sức khỏe.','https://hc.com.vn/i/ecommerce/media/ckeditor_2823652.jpg'),
('00028804',N'Thiết kế hiện đại, tiện dụng ',N'Máy lọc nước Hydrogen Kangaroo KG100HA-VTU thiết kế kiểu dáng nhỏ gọn. Vỏ tủ bền đẹp, sang trọng. Máy trang bị van chống rò rỉ nước đảm bảo nước không chảy ra bên ngoài máy đảm bảo độ bền cho sản phẩm và giúp không gian xếp đặt luôn khô thoáng, sạch sẽ. ','https://hc.com.vn/i/ecommerce/media/ckeditor_1706177.jpg'),
('00033338',N'Máy lọc nước Aosmith với thiết kế nhỏ gọn, kiểu dáng hiện đại, chất liệu nhựa cao cấp sáng bóng, giữ màu, dễ lau chùi.',N'Sản phẩm có thể lắp đặt trên kệ tủ, chân kệ gỗ, kệ treo tường tiện lợi, sang trọng, đẹp mắt','https://hc.com.vn/i/ecommerce/media/ckeditor_2625957.jpg'),
('00033338',N'Hệ thống 5 lõi lọc giúp lọc sạch nước, cung cấp nguồn nước tinh khiết, sạch khuẩn, an toàn cho sức khoẻ để sử dụng',N'','https://hc.com.vn/i/ecommerce/media/ckeditor_2625958.jpg'),
('00033338',N'Trong đó, lõi lọc RO – Side Stream bản quyền Mỹ, hiệu quả lọc tăng thêm 66% lượng nước tinh khiết, giảm 56% lượng nước thải, tỷ lệ lọc thải 1:1',N'Màng lọc được kéo dài tuổi thọ trung bình hơn 1.5 lần. Sản phẩm được NSF International (Hiệp hội an toàn thực phẩm và nước uống quốc tế của Mỹ) kiểm tra và chứng nhận đạt chuẩn NSF/ANSI 58 và 42.','https://hc.com.vn/i/ecommerce/media/ckeditor_2625960.jpg'),
('00033338',N'Thiết kế đơn giản, dễ lắp đặt sử dụng. Công suất lọc 11.8 lít/giờ, dung tích bình chứa 6 lít đủ dùng cho nhu cầu sử dụng gia đình hay văn phòng, công sở...',N'Bình chứa được làm bằng thép không rỉ, có túi hơi cao su chứa nước bên trong, chuẩn vệ sinh an toàn thực phẩm đảm bảo không ảnh hưởng đến độ tinh khiết của nước. Ngăn chặn vi khuẩn xâm nhập, tránh hoàn toàn hiện tượng tái nhiễm khuẩn trong nước.','https://hc.com.vn/i/ecommerce/media/ckeditor_2625961.jpg'),
('GD.001151',N'Thiết kế tinh tế, sang trọng',N'Máy lọc nước RO Sunhouse SHA8858K nổi bật với hoa văn hiện đại, thiết kế kính cường lực sáng bóng, tràn viền. Kích thước vừa phải giúp bạn dễ dàng đặt máy ở nhiều vị trí khác nhau như phòng bếp, phòng khách hay phòng ngủ mà vẫn đảm bảo tính sang trọng cho không gian căn nhà của bạn. Vỏ tủ tôn sơn dày cực chắc chắn,','https://hc.com.vn/i/ecommerce/media/ckeditor_2743501.jpeg'),
('GD.001151',N'Hiệu quả lọc vượt trội với hệ thống 8 lõi lọc',N'Nhờ trang bị tới 8 lõi lọc, mỗi lõi có 1 công năng riêng biệt nên máy lọc nước R.O Sunhouse SHA8858K có khả năng loại bỏ các tạp chất kim loại nặng, độc tố gây ung thư, bệnh đường tiêu hoá, viêm dây thần kinh, thoái hoá cột sống đau lưng,... Loại bỏ vi khuẩn có kích thước lớn hơn ≥ 1µm, bẩn bùn và đất rỉ sét có kích thước ≥ 5µm. Đặc biệt.','https://hc.com.vn/i/ecommerce/media/ckeditor_2743502.jpeg'),
('GD.001151',N'Đạt chuẩn kĩ thuật quốc gia về nước uống trực tiếp QCVN 6-1:2010/BYT do Bộ Y Tế cấp.',N'','');

insert into MoTa(SanPhamMaSP,TieuDe,Mota,HinhAnh)
values('GD.001151',N'Hệ thống bơm hút 2 chiều',N'Máy lọc nước Sunhouse còn có hệ thống bơm hút 2 chiều phù hợp với gia đình có bể chứa nước âm 2 - 3 mét hoặc nhà cao tầng.',''),
('GD.001151',N'Công suất lọc mạnh mẽ',N'Công suất lọc của máy lên đến 15 lít/h, đáp ứng nhu cầu sử dụng nước trong nấu nướng, nước uống cho gia đình 4-5 người hay các văn phòng nhỏ chỉ có nhu cầu về nước uống. Dung tích bình chứa 8 lít giúp người dùng có một lượng nước nhất định để sử dụng ngay mà không phải chờ đợi lâu.',''),
('GD.001151',N'Cấu tạo chắc chắn',N'Các cút nối của máy lọc nước SHA8858K được làm bằng nhựa gia cường, tuổi thọ cao, chịu lực vặn tốt. Zen cút được sản xuất đồng bộ, không có chi tiết thừa, giảm tối đa tỉ lệ rò rỉ nước. Đặc biệt, cút nối nhanh của sản phẩm giúp tiết kiệm thời gian lắp đặt, chỉ còn 15 phút so với 45 phút như trước đây do sản phẩm đã được đấu nối sẵn tới 90%.',''),
('GD.001151',N'Trang bị tính năng hiện đại thông minh',N'Bên cạnh chức năng lọc nước, máy lọc nước R.O SUNHOUSE SHA8858K 8 lõi còn được trang bị nhiều tính năng tự động hiện đại như: ngừng hoạt động khi áp lực nước đầu vào quá thấp, tự động ngắt khi nước đầy bình và tự động xả nước thải.','https://hc.com.vn/i/ecommerce/media/ckeditor_2743500.jpeg'),
('GD.001142',N'Kiểu dáng hiện đại, sang trọng',N'Máy lọc nước RO Hydrogen FujiE RO-990CAB kiểu dáng tủ đứng hiện đại, sang trọng với gam màu đen nổi bật. Bạn có thể lắp đặt tủ ở nhiều vị trí trong nhà như phòng bếp, phòng khách hay phòng ngủ mà vẫn đảm bảo tính thẩm mỹ cho không gian sống của gia đình. Tủ cường lực in công nghệ 3D, sử dụng mặt kính cường lực Temper cao cấp bền đẹp, chân đế tủ làm bằng nhựa ABS có thể uốn dẻo và không vỡ.','https://hc.com.vn/i/ecommerce/media/ckeditor_2744743.jpg'),
('GD.001142',N'Hệ thống lọc 9 cấp đảm bảo tiêu chuẩn nước uống trực tiếp',N'Nước sau lọc từ máy lọc nước RO FujiE đã được kiểm nghiệm bởi Viện PASTEUR TP HCM và Tổng cục đo lường chất lượng công bố nguồn nước đạt chuẩn.','https://hc.com.vn/i/ecommerce/media/ckeditor_2744748.jpg'),
('GD.001142',N'Cấu tạo thông minh, tiện lợi',N'Hệ thống cút nối thông minh giúp giảm tối đa rò rỉ nước, giảm thời gian lắp đặt và cũng dễ dàng thay lõi. Điểm đặc biệt nữa là trên mặt tủ được thiết kế khay chứa nước, giúp nước không bị tràn ra bên ngoài.','https://hc.com.vn/i/ecommerce/media/ckeditor_2744744.jpg'),
('GD.001142',N'Vòi gạt lấy nước được làm bằng Inox sáng bóng bền bỉ, chất liệu an toàn cho người sử dụng',N'','https://hc.com.vn/i/ecommerce/media/ckeditor_2744745.jpg'),
('GD.001142',N'Hệ thống tự động kiểm soát an toàn vượt trội',N'Máy lọc nước RO FujiE RO-990CAB được trang bị những tính năng tiện ích như: Tự động ngừng hoạt động khi áp lực đầu nguồn không đủ, Tự động ngừng hoạt động khi nước đầy bình (đủ áp trong bình áp), Tự động xả nước thải. Những tính năng này giúp máy hoạt động bền bỉ, tiết kiệm điện hơn.',''),
('GD.004403',N'Thiết kế đơn giản, trang nhã',N'Máy lọc nước RO Coway P-300L sở hữu thiết kế đơn giản, trang nhã cùng tông màu trắng phối xanh nhẹ nhàng, tinh tế, tạo cảm giác dịu mát, góp phần làm đẹp cho ngôi nhà của bạn. Máy có kiểu dáng để bàn nhỏ gọn, dễ dàng di chuyển, lắp đặt ở nhiều vị trí khác nhau giúp tiết kiệm diện tích, tối ưu không gian cho gia đình nhỏ','https://hc.com.vn/i/ecommerce/media/ckeditor_3147243.png'),
('GD.004403',N'Tiết kiệm chi phí với chế độ lọc không cần nguồn điện',N'Máy lọc nước RO Coway P-300L 5 lõi có thể hoạt động mà không cần đến nguồn điện, bạn sẽ không còn phải băn khoăn về chi phí tiền điện hàng tháng hay lo lắng về an toàn cháy nổ.','https://hc.com.vn/i/ecommerce/media/ckeditor_3147247.jpg'),
('GD.004403',N'Hệ thống lọc 5 lõi cho nguồn nước uống trực tiếp an toàn',N'Máy lọc nước Coway P-300L sử dụng công nghệ lọc RO thẩm thấu ngược, lọc sạch những vi khuẩn nhỏ đến 0,001 micromet. Hệ thống lọc 5 lõi tăng cường hiệu quả của màng lọc RO, cung cấp cho bạn nguồn nước tinh khiết, ngọt mát. Nước sau lọc có thể uống trực tiếp mà không cần đun sôi, tiết kiệm điện năng cho người sử dụng.','https://hc.com.vn/i/ecommerce/media/ckeditor_3147242.png'),
('GD.004403',N'Dễ dàng lấy nước liên tục với vòi nhấn tiện lợi',N'Coway P-300L trang bị vòi lấy nước dạng nhấn thao tác nhẹ nhàng, dễ sử dụng. Lấy nước chảy liên tục với thao tác gạt cần lên trên giúp bạn rảnh tay hơn. Đầu vòi nước còn có thể tháo rời để vệ sinh, đảm bảo nguồn nước bạn sử dụng luôn sạch sẽ.','https://hc.com.vn/i/ecommerce/media/ckeditor_3147244.jpg'),
('GD.004403',N'Bình chứa dung tích lớn',N'Bên cạnh các tính năng ưu việt, máy lọc nước trang bị bình chứa dung tích 7.6 lít một dung tích khá lớn cho một chiếc máy nhỏ gọn, giúp lưu trữ và cung cấp nguồn nước sạch liên tục đủ cho cả gia đình. Công suất lọc 5 lít/h Nước sau khi lọc được lưu trữ trong bình chứa kín, không lo sợ tình trạng nước bị tái nhiễm khuẩn.','https://hc.com.vn/i/ecommerce/media/ckeditor_3147248.png'),
('GD.004403',N'Ngăn tràn nước nhờ hệ thống kiểm soát mực nước kép',N'Máy lọc nước Coway P-300L được trang bị hệ thống kiểm soát mực nước kép với phao nổi điều chỉnh tự động mức nước ngăn nước tràn ra ngoài.',''),
('00032063',N'Thiết kế sang trọng',N'Nồi cơm điện tử cao tần Sharp 1,8 lít KS-IH190V-GL được thiết kế với kiểu dáng đơn giản, cùng màu sắc bắt mắt sẽ góp phần không nhỏ giúp không gian bếp của gia đình bạn đẹp và sang trọng hơn.','https://hc.com.vn/i/ecommerce/media/ckeditor_1969126.jpg'),
('00032063',N'Dung tích 1,8 lít',N'Nồi cơm điện dung tích 1.8 lít phục vụ tốt cho các gia đình 4 – 6 người ăn','https://hc.com.vn/i/ecommerce/media/ckeditor_1969127.jpg'),
('00032063',N'Bảng điều khiển cảm ứng hiện đại',N'Bảng điều khiển cảm ứng hiện đại, dễ hiểu, dễ dùng, điều khiển đa chức năng nấu của nồi từ nấu cơm, nấu cháo, nấu cơm trộn, nấu cơm nồi đất, nấu súp, hấp, làm bánh.','https://hc.com.vn/i/ecommerce/media/ckeditor_1969128.jpg'),
('00032063',N'Chế độ hẹn giờ tiện lợi',N'Nồi có hẹn giờ nấu xong tiện dụng, hỗ trợ người dùng nấu ăn ngay cả những lúc bận rộn.',''),
('00032063',N'Lòng nồi chống dính ',N'Lòng nồi cơm điện cao tần bằng nhôm dập dày bền, chống móp méo, giữ nhiệt hiệu quả, có phủ men chống dính nấu ăn tiện lợi.','https://hc.com.vn/i/ecommerce/media/ckeditor_1969130.jpg'),
('00032063',N'Công nghệ nấu cao tần điều chỉnh chính xác nhiệt độ ',N'Nồi nấu cơm bằng công nghệ nấu cao tần điều chỉnh chính xác nhiệt độ nấu cho từng món nấu. Nồi không dùng mâm nhiệt mà dùng cảm ứng từ gia nhiệt đều khắp nồi nấu, nhờ đó món nấu chín ngon và bảo toàn dinh dưỡng tốt nhất.','https://hc.com.vn/i/ecommerce/media/ckeditor_1969129.jpg'),
('00032063',N'Van thoát hơi thông minh',N'Van thoát hơi thông minh giữ hơi nước ổn định trong quá trình nấu, bảo toàn vitamin sẵn có trong gạo, cho cơm ngon dinh dưỡng trọn vẹn.','https://hc.com.vn/i/ecommerce/media/ckeditor_1969131.jpg');

INSERT INTO ThongSo
	VALUES('00029913',N'Xuất xứ',N'Trung Quốc'),
		('00029913',N'Bảo hành',N'2 năm'),
		('00029913',N'Màu sắc',N'Bạc'),
		('00029913',N'Dung tích tổng',N'92 lít'),
		('00029913',N'Dung tích sử dụng',N'85 lít'),
		('00029913',N'Số người sử dụng',N'1-3 người'),
		('00029913',N'Điện năng tiêu thụ',N'~0.55 kW/ngày'),
		('00029913',N'Khoảng dung tích',N'Dưới 150 lít'),
		('00029913',N'Công nghệ Inverter',N'Không'),
		('00029913',N'Công nghệ làm lạnh',N'Trực tiếp'),
		('DL.002009',N'Xuất xứ',N'Việt Nam'),
		('DL.002009',N'Bảo hành',N'2 năm'),
		('DL.002009',N'Màu sắc',N'Đen'),
		('DL.002009',N'Dung tích tổng',N'92 lít'),
		('DL.002009',N'Dung tích sử dụng',N'90 lít'),
		('DL.002009',N'Số người sử dụng',N'1-3 người'),
		('DL.002009',N'Điện năng tiêu thụ',N'~0.55 kW/ngày'),
		('DL.002009',N'Khoảng dung tích',N'Dưới 150 lít'),
		('DL.002009',N'Công nghệ làm lạnh',N'Trực tiếp'),
		('DL.002009',N'Chất liệu cửa tủ lạnh',N'Mặt thép'),
		('DL.002006',N'Xuất xứ',N'Việt Nam'),
		('DL.002006',N'Bảo hành',N'2 năm'),
		('DL.002006',N'Màu sắc',N'Đen'),
		('DL.002006',N'Dung tích tổng',N'53 lít'),
		('DL.002006',N'Dung tích sử dụng',N'50 lít'),
		('DL.002006',N'Số người sử dụng',N'1-2 người'),
		('DL.002006',N'Kiểu tủ',N'Mini'),
		('DL.002006',N'Khoảng dung tích',N'Dưới 150 lít'),
		('DL.002006',N'Công nghệ làm lạnh',N'Trực tiếp'),
		('DL.002006',N'Chất liệu cửa tủ lạnh',N'Mặt thép'),
		('00030532',N'Xuất xứ',N'Trung Quốc'),
		('00030532',N'Bảo hành',N'2 năm'),
		('00030532',N'Màu sắc',N'Đen'),
		('00030532',N'Dung tích tổng',N'52 lít'),
		('00030532',N'Dung tích sử dụng',N'46,4 lít'),
		('00030532',N'Số người sử dụng',N'1-2 người'),
		('00030532',N'Kiểu tủ',N'Mini'),
		('00030532',N'Khoảng dung tích',N'Dưới 150 lít'),
		('00030532',N'Công nghệ làm lạnh',N'Trực tiếp'),
		('00030532',N'Chất liệu cửa tủ lạnh',N'Mặt thép'),
		('DL.002387',N'Bảo hành',N'2 năm'),
		('DL.002387',N'Màu sắc',N'Đen'),
		('DL.002387',N'Dung tích tổng',N'300 lít'),
		('DL.002387',N'Dung tích sử dụng',N'72 lít'),
		('DL.002387',N'Số người sử dụng',N'3-4 người'),
		('DL.002387',N'Chế độ tiết kiệm điện',N'Công Nghệ Digital Inverter'),
		('DL.002387',N'Khoảng dung tích',N'Từ 300 - < 400 lít'),
		('DL.002387',N'Công nghệ làm lạnh',N'2 dàn lạnh riêng biệt (Twin Cooling Plus™)'),
		('DL.002387',N'Kiểu tủ',N'Ngăn đá trên'),
		('DL.004018',N'Xuất xứ',N'Việt Nam'),
		('DL.004018',N'Bảo hành',N'2 năm'),
		('DL.004018',N'Màu sắc',N'Đen'),
		('DL.004018',N'Dung tích tổng',N'380 lít'),
		('DL.004018',N'Dung tích sử dụng',N'112 lít'),
		('DL.004018',N'Số người sử dụng',N'3-4 người'),
		('DL.004018',N'Chế độ tiết kiệm điện',N'Công Nghệ Digital Inverter'),
		('DL.004018',N'Khoảng dung tích',N'Từ 300 - < 400 lít'),
		('DL.004018',N'Công nghệ làm lạnh',N'2 dàn lạnh riêng biệt (Twin Cooling Plus™)'),
		('DL.004018',N'Kiểu tủ',N'Ngăn đá trên'),
		('00034288',N'Xuất xứ',N'Thái Lan'),
		('00034288',N'Bảo hành',N'2 năm'),
		('00034288',N'Màu sắc',N'Đen'),
		('00034288',N'Dung tích tổng',N'253 lít'),
		('00034288',N'Dung tích sử dụng',N'112 lít'),
		('00034288',N'Số người sử dụng',N'5-7 người'),
		('00034288',N'Chế độ tiết kiệm điện',N'Công Nghệ Digital Inverter'),
		('00034288',N'Khoảng dung tích',N'Từ 150 - < 300 lít'),
		('00034288',N'Công nghệ làm lạnh',N'Luồng khí lạnh vòng cung'),
		('00034288',N'Kiểu tủ',N'Ngăn đá trên'),
		('DL.002458',N'Xuất xứ',N'Indonesia'),
		('DL.002458',N'Bảo hành',N'2 năm'),
		('DL.002458',N'Màu sắc',N'Đen'),
		('DL.002458',N'Dung tích tổng',N'209 lít'),
		('DL.002458',N'Dung tích sử dụng',N'112 lít'),
		('DL.002458',N'Số người sử dụng',N'2-3 người'),
		('DL.002458',N'Chế độ tiết kiệm điện',N'Máy nén Smart Inverter'),
		('DL.002458',N'Khoảng dung tích',N'Từ 150 - < 300 lít'),
		('DL.002458',N'Công nghệ làm lạnh',N'Luồng khí lạnh đa chiều'),
		('DL.002458',N'Kiểu tủ',N'Ngăn đá trên'),
		('DL.003538',N'Xuất xứ',N'Thái lan'),
		('DL.003538',N'Bảo hành',N'1 năm'),
		('DL.003538',N'Màu sắc',N'Xám'),
		('DL.003538',N'Dung tích tổng',N'443 lít'),
		('DL.003538',N'Dung tích sử dụng',N'104 lít'),
		('DL.003538',N'Số người sử dụng',N'2-3 người'),
		('DL.003538',N'Chế độ tiết kiệm điện',N'Máy nén Smart Inverter'),
		('DL.003538',N'Khoảng dung tích',N'Từ 300 - < 400 lít'),
		('DL.003538',N'Công nghệ làm lạnh',N'Luồng khí lạnh đa chiều'),
		('DL.003538',N'Kiểu tủ',N'Ngăn đá trên'),
		('DL.004262',N'Xuất xứ',N'Thái lan'),
		('DL.004262',N'Bảo hành',N'2 năm'),
		('DL.004262',N'Màu sắc',N'Đen'),
		('DL.004262',N'Dung tích tổng',N'253 lít'),
		('DL.004262',N'Dung tích sử dụng',N'108 lít'),
		('DL.004262',N'Số người sử dụng',N'2-3 người'),
		('DL.004262',N'Chế độ tiết kiệm điện',N'Công nghệ NutriFresh Inverter'),
		('DL.004262',N'Khoảng dung tích',N'Từ 150 - < 300 lít'),
		('DL.004262',N'Công nghệ làm lạnh',N'Luồng khí lạnh đa chiều'),
		('DL.004262',N'Kiểu tủ',N'Ngăn đá dưới'),
		('DL.004275',N'Xuất xứ',N'Thái lan'),
		('DL.004275',N'Bảo hành',N'2 năm'),
		('DL.004275',N'Màu sắc',N'Đen'),
		('DL.004275',N'Dung tích tổng',N'335 lít'),
		('DL.004275',N'Dung tích sử dụng',N'85 lít'),
		('DL.004275',N'Số người sử dụng',N'3-4 người'),
		('DL.004275',N'Chế độ tiết kiệm điện',N'Công nghệ NutriFresh Inverter'),
		('DL.004275',N'Khoảng dung tích',N'Từ 300 - < 400 lít'),
		('DL.004275',N'Công nghệ làm lạnh',N'Luồng khí lạnh đa chiều'),
		('DL.004275',N'Kiểu tủ',N'Ngăn đá dưới'),
		('DL.002384',N'Xuất xứ',N'Thái lan'),
		('DL.002384',N'Bảo hành',N'2 năm'),
		('DL.002384',N'Màu sắc',N'Đen'),
		('DL.002384',N'Dung tích tổng',N'327 lít'),
		('DL.002384',N'Dung tích sử dụng',N'319 lít'),
		('DL.002384',N'Số người sử dụng',N'2-3 người'),
		('DL.002384',N'Chế độ tiết kiệm điện',N'Công Nghệ Digital Inverter'),
		('DL.002384',N'Khoảng dung tích',N'Từ 300 - < 400 lít'),
		('DL.002384',N'Công nghệ làm lạnh',N'2 dàn lạnh riêng biệt (Twin Cooling Plus™)'),
		('DL.002384',N'Kiểu tủ',N'Ngăn đá trên'),
		('DL.001872',N'Xuất xứ',N'Việt Nam'),
		('DL.001872',N'Bảo hành',N'2 năm'),
		('DL.001872',N'Màu sắc',N'Đen'),
		('DL.001872',N'Dung tích tổng',N'255 lít'),
		('DL.001872',N'Dung tích ngăn đá',N'85 lít'),
		('DL.001872',N'Số người sử dụng',N'2-3 người'),
		('DL.001872',N'Chế độ tiết kiệm điện',N'Multi Control, Econavi'),
		('DL.001872',N'Khoảng dung tích',N'Từ 150 - < 300 lít'),
		('DL.001872',N'Công nghệ làm lạnh',N'Panorama'),
		('DL.001872',N'Kiểu tủ',N'Ngăn đá dưới');
INSERT INTO ThongSo
	VALUES('DL.000646',N'Xuất xứ',N'Việt Nam'),
		('DL.000646',N'Bảo hành',N'2 năm'),
		('DL.000646',N'Màu sắc',N'Bạc'),
		('DL.000646',N'Dung tích tổng',N'255 lít'),
		('DL.000646',N'Dung tích ngăn đá',N'85 lít'),
		('DL.000646',N'Số người sử dụng',N'2-3 người'),
		('DL.000646',N'Chế độ tiết kiệm điện',N'Multi Control, Econavi'),
		('DL.000646',N'Khoảng dung tích',N'Từ 150 - < 300 lít'),
		('DL.000646',N'Công nghệ làm lạnh',N'Panorama'),
		('DL.000646',N'Kiểu tủ',N'Ngăn đá dưới'),
		('DL.004204',N'Xuất xứ',N'Thái lan'),
		('DL.004204',N'Bảo hành',N'1 năm'),
		('DL.004204',N'Màu sắc',N'Đen'),
		('DL.004204',N'Dung tích tổng',N'590 lít'),
		('DL.004204',N'Dung tích ngăn đá',N'203 lít'),
		('DL.004204',N'Số người sử dụng',N'4-5 người'),
		('DL.004204',N'Chế độ tiết kiệm điện',N'J-tech Inverter'),
		('DL.004204',N'Khoảng dung tích',N'Từ 400 - 550 lít'),
		('DL.004204',N'Công nghệ làm lạnh',N'Hệ thống làm lạnh kép Hybrid Cooling'),
		('DL.004204',N'Kiểu tủ',N'Multi Door'),
		('DL.004331',N'Xuất xứ',N'Việt Nam'),
		('DL.004331',N'Bảo hành',N'1 năm'),
		('DL.004331',N'Màu sắc',N'Đen'),
		('DL.004331',N'Dung tích tổng',N'590 lít'),
		('DL.004331',N'Dung tích ngăn đá',N'156 lít'),
		('DL.004331',N'Số người sử dụng',N'4-5 người'),
		('DL.004331',N'Chế độ tiết kiệm điện',N'Multi Control, Cảm biến thông minh Econavi'),
		('DL.004331',N'Khoảng dung tích',N'Từ 400 - 550 lít'),
		('DL.004331',N'Công nghệ làm lạnh',N'Hệ thống làm lạnh kép Hybrid Cooling'),
		('DL.004331',N'Kiểu tủ',N'Multi Door'),
		('DL.004239',N'Xuất xứ',N'Trung Quốc'),
		('DL.004239',N'Bảo hành',N'1 năm'),
		('DL.004239',N'Màu sắc',N'Đen'),
		('DL.004239',N'Dung tích tổng',N'590 lít'),
		('DL.004239',N'Dung tích ngăn đá',N'156 lít'),
		('DL.004239',N'Số người sử dụng',N'4-5 người'),
		('DL.004239',N'Chế độ tiết kiệm điện',N'Multi Control, Cảm biến thông minh Econavi'),
		('DL.004239',N'Khoảng dung tích',N'Từ 400 - 550 lít'),
		('DL.004239',N'Công nghệ làm lạnh',N'Hệ thống làm lạnh kép Hybrid Cooling'),
		('DL.004239',N'Kiểu tủ',N'Multi Door'),
		('DL.000782',N'Xuất xứ',N'Việt nam'),
		('DL.000782',N'Bảo hành',N'2 năm'),
		('DL.000782',N'Màu sắc',N'Đen'),
		('DL.000782',N'Dung tích tổng',N'590 lít'),
		('DL.000782',N'Dung tích ngăn đá',N'156 lít'),
		('DL.000782',N'Số người sử dụng',N'4-5 người'),
		('DL.000782',N'Chế độ tiết kiệm điện',N'Multi Control, Cảm biến thông minh Econavi'),
		('DL.000782',N'Khoảng dung tích',N'Từ 400 - 550 lít'),
		('DL.000782',N'Công nghệ làm lạnh',N'Hệ thống làm lạnh kép Hybrid Cooling'),
		('DL.000782',N'Kiểu tủ',N'Multi Door'),
		('DL.000638',N'Xuất xứ',N'Thái lan'),
		('DL.000638',N'Bảo hành',N'2 năm'),
		('DL.000638',N'Màu sắc',N'Nâu'),
		('DL.000638',N'Dung tích tổng',N'590 lít'),
		('DL.000638',N'Dung tích ngăn đá',N'156 lít'),
		('DL.000638',N'Số người sử dụng',N'4-5 người'),
		('DL.000638',N'Chế độ tiết kiệm điện',N'Multi Control, Cảm biến thông minh Econavi'),
		('DL.000638',N'Khoảng dung tích',N'Từ 400 - 550 lít'),
		('DL.000638',N'Công nghệ làm lạnh',N'Hệ thống làm lạnh kép Hybrid Cooling'),
		('DL.000638',N'Kiểu tủ',N'Multi Door');
INSERT INTO ThongSo
	VALUES('DL.003635',N'Xuất xứ',N'Thái lan'),
		('DL.003635',N'Bảo hành',N'2 năm'),
		('DL.003635',N'Màu sắc',N'Nâu'),
		('DL.003635',N'Dung tích tổng',N'590 lít'),
		('DL.003635',N'Dung tích ngăn đá',N'156 lít'),
		('DL.003635',N'Số người sử dụng',N'4-5 người'),
		('DL.003635',N'Chế độ tiết kiệm điện',N'Multi Control, Cảm biến thông minh Econavi'),
		('DL.003635',N'Khoảng dung tích',N'Từ 400 - 550 lít'),
		('DL.003635',N'Công nghệ làm lạnh',N'Hệ thống làm lạnh kép Hybrid Cooling'),
		('DL.003635',N'Kiểu tủ',N'Multi Door');		
INSERT INTO ThongSo
	VALUES('AV.001708',N'Bảo hành',N'2 năm'),
		('AV.001708',N'Loại Tivi',N'Smart Tivi'),
		('AV.001708',N'Kích thước màn hình',N'55"'),
		('AV.001708',N'Khoảng kích thước màn hình',N'Từ 55 - 64 inch'),
		('AV.001708',N'Công nghệ màn hình',N'NANOCELL'),
		('AV.001708',N'Độ phân giải',N'Ultra HD 8K (7680 x 4320 Pixel)'),
		('AV.001708',N'Năm ra mắt',N'2020'),
		('AV.002410',N'Xuất xứ',N'Indonesia'),
		('AV.002410',N'Bảo hành',N'2 năm'),
		('AV.002410',N'Loại Tivi',N'Smart Tivi'),
		('AV.002410',N'Kích thước màn hình',N'75"'),
		('AV.002410',N'Khoảng kích thước màn hình',N'75 inch trở lên'),
		('AV.002410',N'Công nghệ màn hình',N'NANOCELL'),
		('AV.002410',N'Độ phân giải',N'Ultra HD 8K (7680 x 4320 Pixel)'),
		('AV.002410',N'Bluetooth',N'Có (kết nối loa bluetooth)'),
		('AV.002410',N'Cổng LAN',N'Có'),
		('AV.002410',N'Wifi',N'Có'),
		('AV.000901',N'Xuất xứ',N'Việt Nam'),
		('AV.000901',N'Bảo hành',N'2 năm'),
		('AV.000901',N'Loại Tivi',N'Smart Tivi'),
		('AV.000901',N'Kích thước màn hình',N'75"'),
		('AV.000901',N'Khoảng kích thước màn hình',N'75 inch trở lên'),
		('AV.000901',N'Công nghệ màn hình',N'Qled'),
		('AV.000901',N'Độ phân giải',N'Ultra HD 8K (7680 x 4320 Pixel)'),
		('AV.000901',N'Bluetooth',N'Có'),
		('AV.000901',N'Cổng LAN',N'Có'),
		('AV.000901',N'Wifi',N'Có'),
		('00033679',N'Xuất xứ',N'Việt Nam'),
		('00033679',N'Bảo hành',N'2 năm'),
		('00033679',N'Loại Tivi',N'Smart Tivi'),
		('00033679',N'Kích thước màn hình',N'75"'),
		('00033679',N'Khoảng kích thước màn hình',N'75 inch trở lên'),
		('00033679',N'Công nghệ màn hình',N'Qled'),
		('00033679',N'Độ phân giải',N'Ultra HD 8K (7680 x 4320 Pixel)'),
		('00033679',N'Bluetooth',N'Có'),
		('00033679',N'Cổng LAN',N'Có'),
		('00033679',N'Wifi',N'Có'),
		('00033682',N'Xuất xứ',N'Việt Nam'),
		('00033682',N'Bảo hành',N'2 năm'),
		('00033682',N'Loại Tivi',N'Smart Tivi'),
		('00033682',N'Kích thước màn hình',N'82"'),
		('00033682',N'Khoảng kích thước màn hình',N'75 inch trở lên'),
		('00033682',N'Công nghệ màn hình',N'Qled'),
		('00033682',N'Độ phân giải',N'Ultra HD 8K (7680 x 4320 Pixel)'),
		('00033682',N'Bluetooth',N'Có'),
		('00033682',N'Cổng LAN',N'Có'),
		('00033682',N'Wifi',N'Có'),
		('AV.000910',N'Xuất xứ',N'Việt Nam'),
		('AV.000910',N'Bảo hành',N'2 năm'),
		('AV.000910',N'Loại Tivi',N'Smart Tivi'),
		('AV.000910',N'Kích thước màn hình',N'75"'),
		('AV.000910',N'Khoảng kích thước màn hình',N'75 inch trở lên'),
		('AV.000910',N'Công nghệ màn hình',N'Qled'),
		('AV.000910',N'Độ phân giải',N'Ultra HD 8K (7680 x 4320 Pixel)'),
		('AV.000910',N'Bluetooth',N'Có'),
		('AV.000910',N'Cổng LAN',N'Có'),
		('AV.000910',N'Wifi',N'Có'),
		('AV.001456',N'Xuất xứ',N'Indonesia'),
		('AV.001456',N'Bảo hành',N'2 năm'),
		('AV.001456',N'Loại Tivi',N'Smart Tivi'),
		('AV.001456',N'Kích thước màn hình',N'75"'),
		('AV.001456',N'Khoảng kích thước màn hình',N'75 inch trở lên'),
		('AV.001456',N'Công nghệ màn hình',N'NANOCELL'),
		('AV.001456',N'Độ phân giải',N'Ultra HD 8K (7680 x 4320 Pixel)'),
		('AV.001456',N'Bluetooth',N'Có (kết nối loa bluetooth)'),
		('AV.001456',N'Cổng LAN',N'Có'),
		('AV.001456',N'Wifi',N'Có'),
		('AV.001459',N'Xuất xứ',N'Indonesia'),
		('AV.001459',N'Bảo hành',N'2 năm'),
		('AV.001459',N'Loại Tivi',N'Smart Tivi'),
		('AV.001459',N'Kích thước màn hình',N'65"'),
		('AV.001459',N'Khoảng kích thước màn hình',N'từ 65 đến 74 Inch'),
		('AV.001459',N'Công nghệ màn hình',N'NANOCELL'),
		('AV.001459',N'Độ phân giải',N'Ultra HD 8K (7680 x 4320 Pixel)'),
		('AV.001459',N'Bluetooth',N'Có (kết nối loa bluetooth)'),
		('AV.001459',N'Cổng LAN',N'Có'),
		('AV.001459',N'Wifi',N'Có'),
		('AV.002411',N'Xuất xứ',N'Indonesia'),
		('AV.002411',N'Bảo hành',N'2 năm'),
		('AV.002411',N'Loại Tivi',N'Smart Tivi'),
		('AV.002411',N'Kích thước màn hình',N'65"'),
		('AV.002411',N'Khoảng kích thước màn hình',N'từ 65 đến 74 Inch'),
		('AV.002411',N'Công nghệ màn hình',N'NANOCELL'),
		('AV.002411',N'Độ phân giải',N'Ultra HD 8K (7680 x 4320 Pixel)'),
		('AV.002411',N'Bluetooth',N'Có (kết nối loa bluetooth)'),
		('AV.002411',N'Cổng LAN',N'Có'),
		('AV.002411',N'Wifi',N'Có'),
		('AV.001206',N'Xuất xứ',N'Nhật bản'),
		('AV.001206',N'Bảo hành',N'2 năm'),
		('AV.001206',N'Loại Tivi',N'Smart Tivi'),
		('AV.001206',N'Kích thước màn hình',N'85"'),
		('AV.001206',N'Khoảng kích thước màn hình',N'75 Inch trở lên'),
		('AV.001206',N'Công nghệ màn hình',N'LED'),
		('AV.001206',N'Độ phân giải',N'Ultra HD 8K (7680 x 4320 Pixel)'),
		('AV.001206',N'Bluetooth',N'Có'),
		('AV.001206',N'Cổng LAN',N'Có'),
		('AV.001206',N'Wifi',N'Có'),
		('AV.001420',N'Xuất xứ',N'Indonesia'),
		('AV.001420',N'Bảo hành',N'2 năm'),
		('AV.001420',N'Loại Tivi',N'Smart Tivi'),
		('AV.001420',N'Kích thước màn hình',N'77"'),
		('AV.001420',N'Khoảng kích thước màn hình',N'75 Inch trở lên'),
		('AV.001420',N'Công nghệ màn hình',N'QLED'),
		('AV.001420',N'Độ phân giải',N'Ultra HD 8K (7680 x 4320 Pixel)'),
		('AV.001420',N'Bluetooth',N'Có'),
		('AV.001420',N'Cổng LAN',N'Có'),
		('AV.001420',N'Wifi',N'Có'),
		('AV.002221',N'Xuất xứ',N'Việt Nam'),
		('AV.002221',N'Bảo hành',N'2 năm'),
		('AV.002221',N'Loại Tivi',N'Smart Tivi'),
		('AV.002221',N'Kích thước màn hình',N'65"'),
		('AV.002221',N'Khoảng kích thước màn hình',N'Từ 65 đến 74 inch'),
		('AV.002221',N'Công nghệ màn hình',N'NEO QLED'),
		('AV.002221',N'Độ phân giải',N'Ultra HD 8K (7680 x 4320 Pixel)'),
		('AV.002221',N'Bluetooth',N'Có'),
		('AV.002221',N'Wifi',N'Có'),
		('AV.002224',N'Xuất xứ',N'Việt Nam'),
		('AV.002224',N'Bảo hành',N'2 năm'),
		('AV.002224',N'Loại Tivi',N'Smart Tivi'),
		('AV.002224',N'Kích thước màn hình',N'65"'),
		('AV.002224',N'Khoảng kích thước màn hình',N'Từ 65 đến 74 inch'),
		('AV.002224',N'Công nghệ màn hình',N'NEO QLED'),
		('AV.002224',N'Độ phân giải',N'Ultra HD 8K (7680 x 4320 Pixel)'),
		('AV.002224',N'Bluetooth',N'Có'),
		('AV.002224',N'Wifi',N'Có'),
		('00033675',N'Xuất xứ',N'Việt Nam'),
		('00033675',N'Bảo hành',N'2 năm'),
		('00033675',N'Loại Tivi',N'Smart Tivi'),
		('00033675',N'Kích thước màn hình',N'65"'),
		('00033675',N'Khoảng kích thước màn hình',N'Từ 65 đến 74 inch'),
		('00033675',N'Công nghệ màn hình',N'NEO QLED'),
		('00033675',N'Độ phân giải',N'Ultra HD 8K (7680 x 4320 Pixel)'),
		('00033675',N'Bluetooth',N'Có'),
		('00033675',N'Wifi',N'Có'),
		('AV.000544',N'Xuất xứ',N'Việt Nam'),
		('AV.000544',N'Bảo hành',N'2 năm'),
		('AV.000544',N'Loại Tivi',N'Smart Tivi'),
		('AV.000544',N'Kích thước màn hình',N'55"'),
		('AV.000544',N'Khoảng kích thước màn hình',N'Từ 55 đến 64 inch'),
		('AV.000544',N'Công nghệ màn hình',N'QLED'),
		('AV.000544',N'Độ phân giải',N'Ultra HD 8K (7680 x 4320 Pixel)'),
		('AV.000544',N'Bluetooth',N'Có'),
		('AV.000544',N'Cổng LAN',N'Có'),
		('AV.000544',N'Wifi',N'Có'),
		('AV.000898',N'Xuất xứ',N'Việt Nam'),
		('AV.000898',N'Bảo hành',N'2 năm'),
		('AV.000898',N'Loại Tivi',N'Smart Tivi'),
		('AV.000898',N'Kích thước màn hình',N'85"'),
		('AV.000898',N'Khoảng kích thước màn hình',N'75 INCH trở lên'),
		('AV.000898',N'Công nghệ màn hình',N'QLED'),
		('AV.000898',N'Độ phân giải',N'Ultra HD 8K (7680 x 4320 Pixel)'),
		('AV.000898',N'Bluetooth',N'Có'),
		('AV.000898',N'Cổng LAN',N'Có'),
		('AV.000898',N'Wifi',N'Có'),
		('00030980',N'Xuất xứ',N'Malaysia'),
		('00030980',N'Bảo hành',N'2 năm'),
		('00030980',N'Loại Tivi',N'Smart Tivi'),
		('00030980',N'Kích thước màn hình',N'50"'),
		('00030980',N'Khoảng kích thước màn hình',N'Từ 44- 55 inch'),
		('00030980',N'Công nghệ màn hình',N'LED'),
		('00030980',N'Độ phân giải',N'Ultra HD 4K (3840 x 2160 Pixel)'),
		('00030980',N'Bluetooth',N'Có'),
		('00030980',N'Cổng LAN',N'Có'),
		('00030980',N'Wifi',N'Có'),
		('00031454',N'Xuất xứ',N'Malaysia'),
		('00031454',N'Bảo hành',N'2 năm'),
		('00031454',N'Loại Tivi',N'Smart Tivi'),
		('00031454',N'Kích thước màn hình',N'60"'),
		('00031454',N'Khoảng kích thước màn hình',N'Từ 55- 64 inch'),
		('00031454',N'Công nghệ màn hình',N'LED'),
		('00031454',N'Độ phân giải',N'Ultra HD 4K (3840 x 2160 Pixel)'),
		('00031454',N'Bluetooth',N'Không'),
		('00031454',N'Cổng LAN',N'Có'),
		('00031454',N'Wifi',N'Có'),
		('00030375',N'Xuất xứ',N'Malaysia'),
		('00030375',N'Bảo hành',N'2 năm'),
		('00030375',N'Loại Tivi',N'Smart Tivi'),
		('00030375',N'Kích thước màn hình',N'75"'),
		('00030375',N'Khoảng kích thước màn hình',N'75 Inch trở lên'),
		('00030375',N'Công nghệ màn hình',N'LED'),
		('00030375',N'Độ phân giải',N'Ultra HD 4K (3840 x 2160 Pixel)'),
		('00030375',N'Bluetooth',N'Có'),
		('00030375',N'Cổng LAN',N'Có'),
		('00030375',N'Wifi',N'Có'),
		('00030379',N'Xuất xứ',N'Malaysia'),
		('00030379',N'Bảo hành',N'2 năm'),
		('00030379',N'Loại Tivi',N'Smart Tivi'),
		('00030379',N'Kích thước màn hình',N'65"'),
		('00030379',N'Khoảng kích thước màn hình',N'Từ 65 0 74 Inch'),
		('00030379',N'Công nghệ màn hình',N'OLED'),
		('00030379',N'Độ phân giải',N'Ultra HD 4K (3840 x 2160 Pixel)'),
		('00030379',N'Bluetooth',N'Có'),
		('00030379',N'Cổng LAN',N'Có'),
		('00030379',N'Wifi',N'Có'),
		('00031468',N'Xuất xứ',N'Việt Nam'),
		('00031468',N'Bảo hành',N'2 năm'),
		('00031468',N'Loại Tivi',N'Smart Tivi'),
		('00031468',N'Kích thước màn hình',N'50"'),
		('00031468',N'Khoảng kích thước màn hình',N'Từ 44 - 54 Inch'),
		('00031468',N'Công nghệ màn hình',N'LED'),
		('00031468',N'Độ phân giải',N'Ultra HD 4K (3840 x 2160 Pixel)'),
		('00031468',N'Bluetooth',N'Có'),
		('00031468',N'Cổng LAN',N'Có'),
		('00031468',N'Wifi',N'Có'),
		('00028056',N'Xuất xứ',N'Việt Nam'),
		('00028056',N'Bảo hành',N'2 năm'),
		('00028056',N'Loại Tivi',N'Smart Tivi'),
		('00028056',N'Kích thước màn hình',N'49"'),
		('00028056',N'Khoảng kích thước màn hình',N'Từ 44 - 54 Inch'),
		('00028056',N'Tivi 3D',N'Không'),
		('00028056',N'Độ phân giải',N'Chuẩn 4k'),
		('00028056',N'Bluetooth',N'Không'),
		('00028056',N'Cổng LAN',N'Có'),
		('00028056',N'Wifi',N'Có'),
		('00028073',N'Xuất xứ',N'Malaysia'),
		('00028073',N'Bảo hành',N'2 năm'),
		('00028073',N'Loại Tivi',N'Smart Tivi'),
		('00028073',N'Kích thước màn hình',N'60"'),
		('00028073',N'Khoảng kích thước màn hình',N'Từ 55 - 64 Inch'),
		('00028073',N'Công nghệ màn hình',N'LED'),
		('00028073',N'Độ phân giải',N'Ultra HD 4K (3840 x 2160 Pixel)'),
		('00028073',N'Bluetooth',N'Không'),
		('00028073',N'Cổng AV',N'Có cổng Composite và cổng Component'),
		('00028073',N'Wifi',N'Có'),
		('00027312',N'Xuất xứ',N'Việt Nam'),
		('00027312',N'Bảo hành',N'2 năm'),
		('00027312',N'Loại Tivi',N'Smart Tivi'),
		('00027312',N'Kích thước màn hình',N'75"'),
		('00027312',N'Khoảng kích thước màn hình',N'75 inch trở lên'),
		('00027312',N'Công nghệ màn hình',N'QLED'),
		('00027312',N'Độ phân giải',N'Ultra HD 4K (3840 x 2160 Pixel)'),
		('00027312',N'Bluetooth',N'Có'),
		('00027312',N'Cổng LAN',N'Có'),
		('00027312',N'Wifi',N'Có'),
		('AV.002405',N'Xuất xứ',N'Malaysia'),
		('AV.002405',N'Bảo hành',N'2 năm'),
		('AV.002405',N'Loại Tivi',N'Smart Tivi'),
		('AV.002405',N'Kích thước màn hình',N'65"'),
		('AV.002405',N'Khoảng kích thước màn hình',N'Từ 65 đến 74 inch'),
		('AV.002405',N'Công nghệ màn hình',N'OLED'),
		('AV.002405',N'Độ phân giải',N'Ultra HD 4K (3840 x 2160 Pixel)'),
		('AV.002405',N'Bluetooth',N'Có'),
		('AV.002405',N'Cổng LAN',N'Có'),
		('AV.002405',N'Wifi',N'Có'),
		('00028814',N'Xuất xứ',N'Việt Nam'),
		('00028814',N'Bảo hành',N'2 năm'),
		('00028814',N'Loại Tivi',N'Smart Tivi'),
		('00028814',N'Kích thước màn hình',N'77"'),
		('00028814',N'Khoảng kích thước màn hình',N'75 inch trở lên'),
		('00028814',N'Công nghệ màn hình',N'OLED'),
		('00028814',N'Độ phân giải',N'Ultra HD 4K (3840 x 2160 Pixel)'),
		('00028814',N'Bluetooth',N'Có'),
		('00028814',N'Cổng LAN',N'Có'),
		('00028814',N'Wifi',N'Có'),
		('AV.002402',N'Xuất xứ',N'Indonesia'),
		('AV.002402',N'Bảo hành',N'2 năm'),
		('AV.002402',N'Loại Tivi',N'Smart Tivi'),
		('AV.002402',N'Kích thước màn hình',N'55"'),
		('AV.002402',N'Khoảng kích thước màn hình',N'Từ 55 inch đến 64 inch'),
		('AV.002402',N'Công nghệ màn hình',N'OLED'),
		('AV.002402',N'Độ phân giải',N'Ultra HD 4K (3840 x 2160 Pixel)'),
		('AV.002402',N'Bluetooth',N'Có'),
		('AV.002402',N'Cổng LAN',N'Có'),
		('AV.002402',N'Wifi',N'Có'),
		('AV.002400',N'Xuất xứ',N'Indonesia'),
		('AV.002400',N'Bảo hành',N'2 năm'),
		('AV.002400',N'Loại Tivi',N'Smart Tivi'),
		('AV.002400',N'Kích thước màn hình',N'48"'),
		('AV.002400',N'Khoảng kích thước màn hình',N'Từ 44 - 54 INCH'),
		('AV.002400',N'Công nghệ màn hình',N'OLED'),
		('AV.002400',N'Độ phân giải',N'Ultra HD 4K (3840 x 2160 Pixel)'),
		('AV.002400',N'Bluetooth',N'Có'),
		('AV.002400',N'Cổng LAN',N'Có'),
		('AV.002400',N'Wifi',N'Có'),
		('AV.002200',N'Xuất xứ',N'Indonesia'),
		('AV.002200',N'Bảo hành',N'2 năm'),
		('AV.002200',N'Loại Tivi',N'Smart Tivi'),
		('AV.002200',N'Kích thước màn hình',N'48"'),
		('AV.002200',N'Khoảng kích thước màn hình',N'Từ 44 - 54 INCH'),
		('AV.002200',N'Công nghệ màn hình',N'OLED'),
		('AV.002200',N'Độ phân giải',N'Ultra HD 4K (3840 x 2160 Pixel)'),
		('AV.002200',N'Bluetooth',N'Có'),
		('AV.002200',N'Cổng LAN',N'Có'),
		('AV.002200',N'Wifi',N'Có'),
		('AV.002200',N'Wifi',N'Có'),
		('AV.002233',N'Xuất xứ',N'Việt Nam'),
		('AV.002233',N'Bảo hành',N'2 năm'),
		('AV.002233',N'Loại Tivi',N'Smart Tivi'),
		('AV.002233',N'Kích thước màn hình',N'85"'),
		('AV.002233',N'Khoảng kích thước màn hình',N'75 inch trở lên'),
		('AV.002233',N'Công nghệ màn hình',N'NEO LED'),
		('AV.002233',N'Độ phân giải',N'Ultra HD 8K (7680 x 4320 Pixel)'),
		('AV.002233',N'Bluetooth',N'Có'),
		('AV.002233',N'Wifi',N'Có'),
		('00030567',N'Xuất xứ',N'Việt Nam'),
		('00030567',N'Bảo hành',N'2 năm'),
		('00030567',N'Loại Tivi',N'Smart Tivi'),
		('00030567',N'Kích thước màn hình',N'75"'),
		('00030567',N'Khoảng kích thước màn hình',N'75 inch trở lên'),
		('00030567',N'Công nghệ màn hình',N'NEO LED'),
		('00030567',N'Độ phân giải',N'Ultra HD 4K (3840 x 2160 Pixel)'),
		('00030567',N'Bluetooth',N'Có'),
		('00030567',N'Wifi',N'Có'),
		('00026859',N'Xuất xứ',N'Việt Nam'),
		('00026859',N'Bảo hành',N'2 năm'),
		('00026859',N'Loại Tivi',N'Smart Tivi'),
		('00026859',N'Kích thước màn hình',N'55"'),
		('00026859',N'Khoảng kích thước màn hình',N'Từ 55 inch - 64 inch'),
		('00026859',N'Công nghệ màn hình',N'QLED'),
		('00026859',N'Độ phân giải',N'Ultra HD 4K (3840 x 2160 Pixel)'),
		('00026859',N'Bluetooth',N'Có'),
		('00026859',N'Wifi',N'Có'),
		('00027225',N'Xuất xứ',N'Trung Quốc'),
		('00027225',N'Bảo hành',N'12 tháng'),
		('00027225',N'Loại loa',N'Sound bar'),
		('00027225',N'Tổng công suất',N'150 W'),
		('00027225',N'Thời gian sử dụng',N'Cắm điện dùng, không có pin'),
		('00027225',N'Công nghệ âm thanh',N'Dolby Digital, DTS Digital Surround'),
		('00027225',N'Tiện ích',N'Có kèm remote'),
		('00027225',N'Kết nối không dây',N'Bluetooth'),
		('00027225',N'Kết nối khác',N'Optical, Jack 3.5 mm, USB'),
		('00027225',N'Loa chính',N'Dài 90.75 cm - Cao 5.2 cm - Sâu 6.9 cm - nặng 1.5 kg'),
		('00033753',N'Xuất xứ',N'Trung Quốc'),
		('00033753',N'Bảo hành',N'12 tháng'),
		('00033753',N'Loại loa',N'Sound bar'),
		('00033753',N'Tổng công suất',N'360 W'),
		('00033753',N'Thời gian sử dụng',N'Cắm điện dùng, không có pin'),
		('00033753',N'Công nghệ âm thanh',N'Dolby Digital, DTS Digital Surround'),
		('00033753',N'Tiện ích',N'Có kèm remote'),
		('00033753',N'Kết nối không dây',N'Bluetooth 2.1, Loa sub kết nối không dây với loa thanh'),
		('00033753',N'Kết nối khác',N'HDMI ARC (cắm tivi), HDMI, Optical, Jack 3.5 mm'),
		('00033753',N'Loa chính',N'Dài 90.75 cm - Cao 5.2 cm - Sâu 6.9 cm - nặng 1.5 kg'),
		('00025249',N'Xuất xứ',N'Malaysia'),
		('00025249',N'Bảo hành',N'12 tháng'),
		('00025249',N'Loại loa',N'Sound bar'),
		('00025249',N'Tổng công suất',N'600 W'),
		('00025249',N'Thời gian sử dụng',N'Cắm điện dùng, không có pin'),
		('00025249',N'Công nghệ âm thanh',N'S-Master Digital Amplifier, ClearAudio +'),
		('00025249',N'Tiện ích',N'Có kèm remote, Màn hình hiển thị'),
		('00025249',N'Kết nối không dây',N'NFC, Bluetooth'),
		('00025249',N'Kết nối khác',N'HDMI ARC (cắm tivi), Optical, Jack 3.5 mm, USB'),
		('00025249',N'Loa chính',N'Cao 5.2 cm - Ngang 90 cm - Sâu 7 cm - Nặng 2.1 Kg'),
		('AV.001886',N'Xuất xứ',N'Trung Quốc'),
		('AV.001886',N'Bảo hành',N'2 năm'),
		('AV.001886',N'Loại loa',N'Sound bar'),
		('AV.001886',N'Tổng công suất',N'400 W'),
		('AV.001886',N'Công nghệ âm thanh',N'DTS Virtual:X, Dolby Atmos, S-Force PRO Front Surround'),
		('AV.001886',N'Tiện ích',N'Có kèm remote, Màn hình hiển thị'),
		('AV.001886',N'Kết nối không dây',N'Bluetooth'),
		('AV.001886',N'Kết nối khác',N'HDMI, USB'),
		('AV.001886',N'Loa chính',N'Dài 98 cm - Rộng 10.8cm - Cao 6.4cm - Nặng 3.5 kg'),
		('AV.000502',N'Xuất xứ',N'Trung Quốc'),
		('AV.000502',N'Bảo hành',N'12 Tháng'),
		('AV.000502',N'Loại loa',N'Dàn âm thanh'),
		('AV.000502',N'Kết Nối có dây',N'Bluetooth'),
		('AV.000502',N'Kết nối khác',N'USB'),
		('AV.000502',N'Tiện ích',N'Hỗ trợ sạc hoặc chơi nhac qua cổng USB Trở thành ngôi sao mọi lúc mọi nơi, tùy biến âm lượng Mic, pitch và echo dễ dàng.'),
		('GS.006369',N'Xuất xứ',N'Trung Quốc'),
		('GS.006369',N'Bảo hành',N'12 Tháng'),
		('GS.006369',N'Loại loa',N'Lao kéo'),
		('GS.006369',N'Kết Nối',N'Bluetooth, Cổng Guitar, Jack Micro,'),
		('GS.006369',N'Kết nối khác',N'USB'),
		('GS.006369',N'Tiện ích',N'Bàn DJ hiệu chỉnh nhạc, Có thể hát Karaoke, Có kèm remote, Kết nối loa với TV, Nghe được FM Radio');

insert into ThongSo(SanPhamMasp,ThongSo,GiaTriTS)
values ('00033291',N'Xuất Xứ',N'Việt Nam'),
('00033291',N'Bảo hành',N'02 Năm'),
('00033291',N'Loại máy',N'Làm nóng gián tiếp'),
('00033291',N'Công suất làm nóng',N'2500 W'),
('00033291',N'Dung tích bình chứa',N'20 Lít'),
('00033291',N'Bơm trợ lực',N'Không'),
('00033291',N'Chế độ an toàn',N'Cầu dao chống rò điện ELCB, Bộ ổn định nhiệt TBST, Vỏ chống thấm nước IPX1'),
('00033291',N'Tùy chỉnh nhiệt độ nước',N'Nhiều mức độ'),
('00033291',N'Tiện ích',N'Đèn báo nước nóng sẵn sàng giúp bạn an toàn, Hệ thống tạo Ion bạc kháng khuẩn làm sạch nước, Công nghệ Flexomic tăng lượng nước đầu vào, Lớp cách nhiệt mật độ cao HDI giúp giữ nước nóng lâu hơn, Giữ ấm lâu, Lòng bình tráng men titan chống rò rỉ nước'),
('00033291',N'Thời gian đun nóng có thể sử dụng được',N'Khoảng 30 phút'),
('00033291',N'Nhiệt độ tối đa',N'80 độ C'),
('00033291',N'Kích thước',N'Cao 30.5 cm - Ngang 70.4 cm - Sâu 30.5 cm'),
('00033291',N'Trọng lượng',N'12 kg'),
('00033291',N'Khoảng dung tích',N'15 - 20 lít');
insert into ThongSo(SanPhamMasp,ThongSo,GiaTriTS)
values('00032087',N'Xuất Xứ',N'Việt Nam'),
('00032087',N'Bảo hành',N'02 Năm'),
('00032087',N'Loại máy',N'Làm nóng gián tiếp'),
('00032087',N'Công suất làm nóng',N'2500 W'),
('00032087',N'Dung tích bình chứa',N'30 Lít'),
('00032087',N'Chế độ an toàn',N'Bộ ổn định nhiệt TBST với vỏ chống thấm nước IPX1'),
('00032087',N'Thời gian đun nóng có thể sử dụng được',N'Khoảng 20 phút'),
('00032087',N'Nhiệt độ tối đa',N'80 độ C'),
('00032087',N'Kích thước',N'470 x 450 x 400 mm'),
('00032087',N'Trọng lượng',N'13 kg'),
('GD.001462',N'Xuất Xứ',N'Việt Nam'),
('GD.001462',N'Bảo hành',N'02 Năm'),
('GD.001462',N'Loại máy',N'Làm nóng gián tiếp'),
('GD.001462',N'Công suất làm nóng',N'2500 W'),
('GD.001462',N'Dung tích bình chứa',N'30 Lít'),
('GD.001462',N'Chế độ an toàn',N'Cầu dao chống rò điện ELCB, Bộ ổn định nhiệt TBST, Vỏ chống thấm nước IPX1'),
('GD.001462',N'Tùy chỉnh nhiệt độ nước',N'Nhiều mức độ'),
('GD.001462',N'Tiện ích',N'Đèn báo nước nóng sẵn sàng giúp bạn an toàn, Hệ thống tạo Ion bạc kháng khuẩn làm sạch nước, Công nghệ Flexomic tăng lượng nước đầu vào, Lớp cách nhiệt mật độ cao HDI giúp giữ nước nóng lâu hơn, Giữ ấm lâu, Lòng bình tráng men titan chống rò rỉ nước'),
('GD.001462',N'Thời gian đun nóng có thể sử dụng được',N'Khoảng 30 phút'),
('GD.001462',N'Nhiệt độ tối đa',N'80 độ C'),
('GD.001462',N'Khoảng dung tích',N'21 - 30 lít'),
('00022657',N'Xuất Xứ',N'Việt Nam'),
('00022657',N'Bảo hành',N'18 tháng'),
('00022657',N'Loại máy',N'Làm nóng gián tiếp'),
('00022657',N'Công suất làm nóng',N'2500 W'),
('00022657',N'Dung tích bình chứa',N'20 Lít'),
('00022657',N'Bơm trợ lực',N'Không'),
('00022657',N'Chế độ an toàn',N'Cảm biến lưu lượng nước, Cầu dao chống rò điện ELCB, Bộ ổn định nhiệt TBST, Vỏ chống thấm nước IPX1, Hệ thống chống giật, chống bỏng TSS'),
('00022657',N'Tùy chỉnh nhiệt độ nước',N'Nhiều mức độ'),
('00022657',N'Tiện ích',N'Hệ thống điều chỉnh lưu lượng nước, Thanh Magie chống ăn mòn, Lớp cách nhiệt Polyurethane giúp giữ ấm nước lâu hơn, Lòng bình tráng Titanium chống rò rỉ nước'),
('00022657',N'Thời gian đun nóng có thể sử dụng được',N'Khoảng 20 phút'),
('00022657',N'Nhiệt độ tối đa',N'75 độ C'),
('00022657',N'Kích thước',N'Dài 63 cm - Rộng 30 cm - Cao 30.5 cm'),
('00022657',N'Trọng lượng',N'13.5 kg'),
('00022657',N'Khoảng dung tích',N'15 - 20 lít'),
('00022664',N'Xuất Xứ',N'Việt Nam'),
('00022664',N'Bảo hành',N'18 tháng'),
('00022664',N'Loại máy',N'Làm nóng gián tiếp'),
('00022664',N'Công suất làm nóng',N'2500 W'),
('00022664',N'Dung tích bình chứa',N'30 Lít'),
('00022664',N'Bơm trợ lực',N'Không'),
('00022664',N'Chế độ an toàn',N'Thiết bị chống rò điện ELCB'),
('00022664',N'Tùy chỉnh nhiệt độ nước',N'Nhiều mức độ'),
('00022664',N'Nhiệt độ tối đa',N'76 độ C'),
('00022664',N'Khoảng dung tích',N'21 - 30 lít'),
('00032994',N'Xuất Xứ',N'Việt Nam'),
('00032994',N'Bảo hành',N'18 tháng'),
('00032994',N'Loại máy',N'Làm nóng trực tiếp'),
('00032994',N'Công suất làm nóng',N'4500(W)'),
('00032994',N'Nhiệt độ tối đa',N'55 độ C'),
('00032994',N'Kích thước',N'280x175x110mm'),
('00032994',N'Trọng lượng',N'1.2kg'),
('00032391',N'Xuất Xứ',N'Việt Nam'),
('00032391',N'Bảo hành',N'02 Năm'),
('00032391',N'Loại máy',N'Làm nóng gián tiếp'),
('00032391',N'Công suất làm nóng',N'2500 W'),
('00032391',N'Dung tích bình chứa',N'22 Lít'),
('00032391',N'Chế độ an toàn',N'Chống giật kép, chống đun khô'),
('00032391',N'Tiện ích',N'Đèn LED hiển thị nhiệt độ đun nóng hiện tại của bình'),
('00032391',N'Thời gian đun nóng có thể sử dụng được',N'Khoảng 20 phút'),
('00032391',N'Nhiệt độ tối đa',N'75 độ C'),
('00032391',N'Khoảng dung tích',N'15 - 20 lít'),
('GD.002349',N'Xuất xứ',N'Việt Nam'),
('GD.002349',N'Bảo hành',N'36 tháng'),
('GD.002349',N'Số lõi lọc',N'9 Cấp lọc (3 Lõi lọc thô, màng RO, 5 Lõi lọc chức năng)'),
('GD.002349',N'Công nghệ lọc',N'Màng lọc RO 100GPD thay nhanh MỸ'),
('GD.002349',N'Công năng',N'20 lít/giờ'),
('GD.002349',N'Công suất tiêu thụ điện',N'24W'),
('GD.002349',N'Kích thước',N'290 x 340 x 900 mm'),
('00028804',N'Xuất xứ',N'Việt Nam'),
('00028804',N'Bảo hành',N'12 tháng'),
('00028804',N'Số lõi lọ',N'9 lõi'),
('00028804',N'Công nghệ',N'lọc	RO'),
('00028804',N'Dung tích bình chứa',N'10 lít'),
('00028804',N'Công năng',N'20 lít/giờ'),
('00028804',N'Kháng khuẩn',N'Nano Carbon+'),
('00028804',N'Tiện ích',N'Tự động sục rửa màng lọc RO, Tạo nước kiềm (Ankaline) trung hòa axit cho cơ thể, Giàu hydrogen chống ôxy hóa'),
('00028804',N'Kích thước',N'Ngang 43.5 cm - Cao 90 cm - Sâu 32.5 cm'),
('00033338',N'Xuất xứ',N'Trung Quốc'),
('00033338',N'Bảo hành',N'12 tháng'),
('00033338',N'Số lõi lọc',N'5 lõi'),
('00033338',N'Công nghệ lọc',N'RO'),
('00033338',N'Dung tích bình chứa',N'6 lít'),
('00033338',N'Công năng',N'11.8 lít/giờ'),
('00033338',N'Công suất tiêu thụ điện',N'25 W'),
('00033338',N'Tiện ích',N'Hệ thống bơm và van điều tiết:Bơm 1 chiều, van điện từ'),
('00033338',N'Kích thước',N'Rộng 26 cm - Sâu 42.5 cm - Cao 43 cm'),
('00024769',N'Xuất xứ',N'Hàn Quốc'),
('00024769',N'Bảo hành',N'12 tháng'),
('00024769',N'Số lõi lọc',N'9 lõi'),
('00024769',N'Công nghệ lọc',N'RO'),
('00024769',N'Công năng',N'10 - 15 lít/giờ'),
('00024769',N'Công suất tiêu thụ điện',N'24 W'),
('00024769',N'Kháng khuẩn',N'Lõi Nano Silver'),
('00024769',N'Tiện ích',N'Tự động xả nước thải, Tự động ngắt điện khi bình chứa nước đầy');
insert into ThongSo(SanPhamMasp,ThongSo,GiaTriTS)
values('GD.001151',N'Xuất xứ',N'Việt Nam');
insert into ThongSo(SanPhamMasp,ThongSo,GiaTriTS)
values('GD.001151',N'Bảo hành',N'24 tháng'),
('GD.001151',N'Số lõi lọc',N'8 lõi'),
('GD.001151',N'Công nghệ lọc',N'RO'),
('GD.001151',N'Dung tích bình chứa',N'8 lít'),
('GD.001151',N'Công năng',N'10 - 15 lít/giờ'),
('GD.001151',N'Công suất tiêu thụ điện',N'0.029 kw/h'),
('GD.001151',N'Kháng khuẩn',N'Nano Bạc');
insert into ThongSo(SanPhamMasp,ThongSo,GiaTriTS)
values('GD.001151',N'Kích thước',N'Ngang 42.2 cm - Sâu 33.7 cm - Cao 95 cm'),
('GD.001142',N'Xuất xứ',N'Trung Quốc'),
('GD.001142',N'Bảo hành',N'24 tháng'),
('GD.001142',N'Công nghệ lọc',N'RO'),
('GD.001142',N'Dung tích bình chứa',N'10 lít'),
('GD.001142',N'Công năng',N'10 lít/giờ'),
('GD.001142',N'Công suất tiêu thụ điện',N'24W/h'),
('GD.001142',N'Kháng khuẩn',N'Nano Bạc'),
('GD.004403',N'Xuất xứ',N'Hàn Quốc'),
('GD.004403',N'Bảo hành',N'24 tháng'),
('GD.004403',N'Số lõi lọc',N'5 lõi'),
('GD.004403',N'Công nghệ lọc',N'RO'),
('GD.004403',N'Dung tích bình chứa',N'7.6 lít'),
('GD.004403',N'Công năng',N'Công suất lọc 5 lít/h'),
('GD.004403',N'Công suất tiêu thụ điện',N'Không dùng điện'),
('GD.004403',N'Kích thước',N'310 mm x 400 mm x 405 mm'),
('GD.004403',N'Trọng lượng',N'6 kg'),
('GD.000713',N'Xuất xứ',N'Trung Quốc'),
('GD.000713',N'Bảo hành',N'12 tháng'),
('GD.000713',N'Dung tích bình chứa',N'3,5L'),
('GD.000713',N'Công suất tiêu thụ điện',N'Cs nóng 500w / Cs lạnh 85w'),
('00032063',N'Xuất xứ',N'Trung Quốc'),
('00032063',N'Bảo hành',N'12 tháng'),
('00032063',N'Loại nồi',N'Nồi cơm điện cao tần'),
('00032063',N'Dung tích',N'1.8 lít'),
('00032063',N'Số người ăn',N'4 - 6 người ( 1.6 - 2 lít)'),
('00032063',N'Chất liệu lòng nồi',N'Nhôm dập tráng men chống dính'),
('00032063',N'Số mâm nhiệt',N'Không có mâm nhiệt'),
('00032063',N'Chức năng nấu',N'Nấu cơm, Nấu cháo, Nấu cơm trộn, Nấu cơm nồi đất, Nấu súp, Hấp, Làm bánh'),
('00032063',N'Điều khiển',N'Cảm ứng có màn hình hiển thị'),
('00032063',N'Dây điện',N'Có thể tháo rời khỏi nồi'),
('00032063',N'Công suất tiêu thụ',N'1300 W'),
('00032063',N'Kích thước',N'Ngang 30.5 cm - Cao 25.3 cm - Sâu 37.4 cm'),
('00032063',N'Trọng lượng',N'5.2 kg');

update SanPham set TrangThai = 'sales' where Masp like '00022657';
update SanPham set TrangThai = 'sales' where Masp like '00027312';
update SanPham set TrangThai = 'sales' where Masp like 'AV.000502';
update SanPham set TrangThai = 'sales' where Masp like 'AV.002200';