create table SanPham (
	Masp char(100) primary key,
	Tensp Nvarchar(255) not null,
	LoaiSp Nvarchar(255) not null,
	ThuongHieu varchar(255) not null,
	Gia decimal(12,4) check (Gia>=0),
	SoLuong int check (Soluong>=0),
	TrangThai Nvarchar(255),
);
create table HinhAnh (
	SanPhamMasp char(100) foreign key references SanPham(Masp),
	Hinh1 varchar(255),
	Hinh2 varchar(255),
	Hinh3 varchar(255),
	Hinh4 varchar(255),
	Hinh5 varchar(255),
	Hinh6 varchar(255),
);

create table MoTa (
	SanPhamMaSP char(100) foreign key references SanPham (Masp),
	TieuDe Nvarchar(255),
	Mota Ntext,
	HinhAnh varchar(255),
);

create table ThongSo (
	SanPhamMasp char(100) foreign key references SanPham(Masp),
	ThongSo Nvarchar(255) not null,
	GiaTriTS Nvarchar(255) not null,
);


create table GioHang (
	ID int primary key identity,
	SanPhamMaSP char(100) unique foreign key references SanPham(Masp),
	SoLuong int check (SoLuong >= 0),
);

create table LikeSP (
	ID int primary key identity,
	SanPhamMaSP char(100) unique foreign key references SanPham (Masp),
);

create table DaDat (
	ID int identity primary key,
	TenKH Nvarchar(255) not null,
	SoDt int not null,
	DiaChi Nvarchar(255),
	SanPhamMaSP char(100) foreign key references SanPham(Masp),
	SoLuong int,
	GhiChu Ntext,
);
create table BinhLuan (
	ID int primary key identity,
	SanPhamMaSP char(100) foreign key references SanPham(Masp),
	HoTen Nvarchar(255) not null,
	Email varchar(255),
	NoiDung Ntext not null,
);
create table SubBinhLuan (
	ID int primary key identity,
	BinhLuanId int foreign key references BinhLuan(ID),
	HoTen Nvarchar(255) not null,
	Email varchar(255),
	NoiDung Ntext not null,
);



select A.Masp, A.LoaiSp, A.Tensp, A.Gia, B.Hinh1 as HinhAnh
            from SanPham A, HinhAnh B where A.Tensp like N'%tivi%' and A.Masp = B.SanPhamMasp;

select * from SanPham where Masp like '00022657';
select * from HinhAnh where SanPhamMasp like '00022657';
select * from MoTa where SanPhamMasp like '00022657';
select * from ThongSo where SanPhamMasp like '00022657';
select A.HoTen, A.NoiDung, A.ID, B.HoTen as SbHoTen, B.NoiDung as SbNoiDung
	from BinhLuan A, SubBinhLuan B where A.SanPhamMasp like '00022657' and A.ID = B.BinhLuanId;

select top(5) A.Masp, A.Tensp, A.Gia, B.Hinh1 as HinhAnh
	from SanPham A, HinhAnh B where LoaiSp like 
		(select LoaiSp from SanPham where Masp like '00022657') and a.Masp = B.SanPhamMasp;

select top(50) A.Masp, A.Tensp, A.Gia, B.Hinh1 as HinhAnh
	from SanPham A, HinhAnh B where A.Masp = B.SanPhamMasp;

select A.Masp B.HinhAnh 
	from SanPham A, HinhAnh B, MoTa C, ThongSo D, BinhLuan E, SubBinhLuan G

select * from SanPham, HinhAnh, MoTa where SanPham.Masp like '00022657' and SanPham.Masp = HinhAnh.SanPhamMasp

delete from DaDat
select * from DaDat
insert into DaDat(TenKH, SoDt, DiaChi, SanPhamMaSP, SoLuong, GhiChu)
            values(N'ád',4124,N',,,','00027312',1,N'');


select distinct top('') LoaiSp from SanPham;

select COUNT(SanPhamMaSP) as SoLuong, SanPhamMaSP from GioHang group by SanPhamMaSP
delete from GioHang where SanPhamMaSP like '00027312';
select * from DaDat;
select count(ID) as soluong from GioHang 
delete from GioHang where SanPhamMaSP like 'undefined';
update GioHang set SoLuong = 2 where ID = 1

insert into GioHang(SanPhamMaSP, SoLuong)Values('00022657',1);

select A.Tensp, A.Gia, A.ThuongHieu, A.Masp, B.Hinh1 as Image
	from SanPham A, HinhAnh B where A.Masp in (select SanPhamMaSP from LikeSP) and A.Masp = B.SanPhamMasp;

select A.TenKH, A.SoDt, A.GhiChu, A.DiaChi, A.SoLuong, B.Tensp, B.Gia  from DaDat A, SanPham B 
	where B.Tensp in (select Tensp from SanPham where Masp in (select SanPhamMaSP from DaDat)) and A.SanPhamMaSP = B.Masp;

	select A.TenKH, A.SoDt, A.DiaChi, A.GhiChu, A.SoLuong, B.Tensp, B.Gia  from DaDat A, SanPham B 
	    where B.Tensp in (select Tensp from SanPham where Masp in 
            (select SanPhamMaSP from DaDat)) and A.SanPhamMaSP = B.Masp;

select COUNT(SanPhamMasp)as SoLuong, SanPhamMaSP from GioHang group by SanPhamMaSP having 

select distinct SanPhamMaSP from GioHang;
insert into GioHang(SanPhamMaSP, SoLuong)Values('7873',1);

insert into LikeSP(SanPhamMaSP)values('AV.001708');
select identity * from LikeSP


select * from SanPham where TrangThai is null

update SanPham set TrangThai = 'sales' where Masp like '00022657';
update SanPham set TrangThai = 'sales' where Masp like '00027312';
update SanPham set TrangThai = 'sales' where Masp like 'AV.000502';
update SanPham set TrangThai = 'sales' where Masp like 'AV.002200';

select top(4) A.Masp, A.LoaiSp, A.Tensp, A.Gia, B.Hinh1 as HinhAnh
	    from SanPham A, HinhAnh B where A.TrangThai like 'sales' and A.Masp = B.SanPhamMasp;
		select top(12) A.Masp, A.LoaiSp, A.Tensp, A.Gia, B.Hinh1 as HinhAnh
        from SanPham A, HinhAnh B where A.TrangThai like 'tk' and A.Masp = B.SanPhamMasp;

select * from SanPham
insert into SanPham(Masp,Tensp,LoaiSp,ThuongHieu,Gia,SoLuong,TrangThai)
	values('AV.001708',N'Smart Tivi LG NanoCell 8K 55 inch 55NANO95TNA',N'Tivi 8k','Lg','28990000',10,''),
		('AV.002410',N'Smart Tivi LG NanoCell 8K 75 inch 75NANO95TPA',N'Tivi 8k','Lg','10989000',10,''),
		('AV.000901',N'Smart Tivi QLED Samsung 8K 75 inch QA75Q950TS',N'Tivi 8k','Samsung','12489000',10,''),
		('00033679',N'Smart Tivi QLED Samsung 8K 75 inch QA75Q900R',N'Tivi 8k','Samsung','7199000',10,''),
		('00033682',N'Smart Tivi QLED Samsung 8K 82 inch QA82Q900R',N'Tivi 8k','Samsung','10499000',1,''),
		('AV.000910',N'Smart Tivi QLED Samsung 8K 75 inch QA75Q800T',N'Tivi 8k','Samsung','79990000',10,''),
		('AV.001456',N'Smart Tivi LG NanoCell 8K 75 inch 75NANO95TNA',N'Tivi 8k','Lg','52490000',10,''),
		('AV.001459',N'Smart Tivi LG NanoCell 8K 65 inch 65NANO95TNA',N'Tivi 8k','Lg','47590000',12,''),
		('AV.002411',N'Smart Tivi LG NanoCell 8K 65 inch 65NANO95TPA',N'Tivi 8k','Lg','74990000',15,''),
		('AV.001206',N'Android Tivi Sony 8K 85 inch KD-85Z8H',N'Tivi 8k','Sony','18970000',5,''),
		('AV.001420',N'Smart Tivi OLED LG 8K 77 inch OLED77ZXPTA',N'Tivi 8k','Lg','49000000',2,''),
		('AV.002221',N'Smart Tivi Neo QLED Samsung 8K 65 inch QA65QN900A',N'Tivi 8k','Samsung','11986700',16,''),
		('AV.002224',N'Smart Tivi Neo QLED Samsung 8K 65 inch QA65QN800A',N'Tivi 8k','Samsung','88890000',1,''),
		('00033675',N'Smart Tivi QLED Samsung 8K 65 inch QA65Q900R',N'Tivi 8k','Samsung','42490000',18,''),
		('AV.000544',N'Smart Tivi QLED Samsung 8K 55 inch QA55Q900R',N'Tivi 8k','Samsung','34990000',12,''),
		('AV.000898',N'Smart Tivi QLED Samsung 8K 85 inch QA85Q950TS',N'Tivi 8k','Samsung','16499000',10,''),
		('00030980',N'Android Tivi Sharp 4K 50 inch LC-50UA6800X',N'Tivi 4k','Sharp','9490000',23,''),
		('00031454',N'Android Tivi Sharp 4K 60 inch LC-60UA6800X',N'Tivi 4k','Sharp','1399000',23,''),
		('00030375',N'Android Tivi Sony 4K 75 inch KD-75Z9F',N'Tivi 4k','Sony','44990000',6,''),
		('00030379',N'Android Tivi OLED Sony 4K 65 inch KD-65A9F',N'Tivi 4k','Sony','38990000',23,''),
		('00031468',N'Smart Tivi TOSHIBA 4K 50 Inch 50U7880VN',N'Tivi 4k','Toshiba','8490000',13,''),
		('00028056',N'Android Tivi TCL 4K 49 inch L49C2-UF',N'Tivi 4k','Tcl','7990000',10,''),
		('00028073',N'Smart Tivi Sharp 4K 60 inch LC-60UA440X',N'Tivi 4k','Sharp','11490000',5,''),
		('00027312',N'Smart Tivi QLED Samsung 4K 75 inch QA75Q9FAM',N'Tivi 4k','Samsung','24990000',6,''),
		('AV.002405',N'Smart Tivi OLED LG 4K 48 inch 48A1PTA',N'Tivi OLED','Lg','28999000',7,''),
		('00028814',N'Smart Tivi OLED LG 4K 77 inch 77W7T',N'Tivi OLED','Lg','84999000',3,''),
		('AV.002402',N'Smart Tivi OLED LG 4K 55 inch 55B1PTA',N'Tivi OLED','Lg','37900000',6,''),
		('AV.002400',N'Smart Tivi OLED LG 4K 48 inch 48C1PTB',N'Tivi OLED','Lg','31890000',8,''),
		('AV.002200',N'Smart Tivi Neo QLED Samsung 4K 50 inch QA50QN90A',N'Tivi Neo QLED','Samsung','34890000',8,''),
		('AV.002233',N'Smart Tivi Neo QLED Samsung 8K 85 inch QA85QN900A',N'Tivi Neo QLED','Samsung','99999000',1,''),		
		('00030567',N'Smart Tivi QLED Samsung 4K 55 inch QA55Q8CN',N'Tivi QLED','Samsung','17990000',8,''),
		('00026859',N'Smart Tivi QLED Samsung 4K 55 inch QA55Q8CAM',N'Tivi QLED','Samsung','16490000',6,''),
		('00027225',N'Loa SoundBar Samsung HW-K350/XV',N'Loa thanh Soundbar','Samsung','1690000',28,''),
		('00033753',N'Loa SoundBar Samsung HW-Q60R/XV',N'Loa thanh Soundbar','Samsung','4990000',12,''),
		('00025249',N'Loa SoundBar Sony HT-RT3M SP1',N'Loa thanh Soundbar','Samsung','5490000',10,''),
		('00013882',N'Dàn âm thanh Samsung HW-H551/XV',N'Loa thanh Soundbar','Samsung','3990000',9,''),
		('AV.001886',N'Loa Soundbar Sony HT-G700 C SP1',N'Loa thanh Soundbar','Sony','12990000',1,''),
		('AV.000502',N'Dàn âm thanh Sony GTK-PG10C SP6',N'Dàn âm thanh','Sony','5290000',5,''),
		('GS.006369',N'Loa LG Xboom ON5.DVNMLLK Karaoke, Bluetooth',N'Loa kéo','Lg','5490000',10,'');




insert into HinhAnh(SanPhamMasp,Hinh1,Hinh2,Hinh3,Hinh4,Hinh5,Hinh6)
	values('AV.001708','https://hc.com.vn/i/ecommerce/media/AV.001708_FEATURE_67662.jpg','https://hc.com.vn/i/ecommerce/media/AV.001708_FEATURE_67664.jpg','https://hc.com.vn/i/ecommerce/media/AV.001708_FEATURE_67671.jpg','https://hc.com.vn/i/ecommerce/media/AV.001708_FEATURE_67672.jpg','https://hc.com.vn/i/ecommerce/media/AV.001708_FEATURE_67674.jpg',''),
		('AV.002410','https://hc.com.vn/i/ecommerce/media/AV.002410_FEATURE_85641.jpg','https://hc.com.vn/i/ecommerce/media/AV.002410_FEATURE_85642.jpg','https://hc.com.vn/i/ecommerce/media/AV.002410_FEATURE_85643.jpg','https://hc.com.vn/i/ecommerce/media/AV.002410_FEATURE_85644.jpg','https://hc.com.vn/i/ecommerce/media/AV.002410_FEATURE_85645.jpg','https://hc.com.vn/i/ecommerce/media/AV.002410_FEATURE_85646.jpg'),
		('AV.000901','https://hc.com.vn/i/ecommerce/media/AV.000901_FEATURE_58311.jpg','https://hc.com.vn/i/ecommerce/media/AV.000901_FEATURE_58312.jpg','https://hc.com.vn/i/ecommerce/media/AV.000901_FEATURE_58314.jpg','https://hc.com.vn/i/ecommerce/media/AV.000901_FEATURE_58315.jpg','https://hc.com.vn/i/ecommerce/media/AV.000901_FEATURE_58316.jpg','https://hc.com.vn/i/ecommerce/media/AV.000901_FEATURE_58317.jpg'),
		('00033679','https://hc.com.vn/i/ecommerce/media/00033679_FEATURE_38665.jpg','https://hc.com.vn/i/ecommerce/media/00033679_FEATURE_38666.jpg','https://hc.com.vn/i/ecommerce/media/00033679_FEATURE_38667.jpg','','',''),
		('00033682','https://hc.com.vn/i/ecommerce/media/00033682_FEATURE_38654.jpg','https://hc.com.vn/i/ecommerce/media/00033682_FEATURE_53358.jpg','https://hc.com.vn/i/ecommerce/media/00033682_FEATURE_55352.jpg','https://hc.com.vn/i/ecommerce/media/00033682_FEATURE_55353.jpg','https://hc.com.vn/i/ecommerce/media/00033682_FEATURE_55354.jpg','https://hc.com.vn/i/ecommerce/media/00033682_FEATURE_55355.jpg'),
		('AV.000910','https://hc.com.vn/i/ecommerce/media/AV.000910_FEATURE_58230.jpg','https://hc.com.vn/i/ecommerce/media/AV.000910_FEATURE_58231.jpg','https://hc.com.vn/i/ecommerce/media/AV.000910_FEATURE_58232.jpg','https://hc.com.vn/i/ecommerce/media/AV.000910_FEATURE_58233.jpg','https://hc.com.vn/i/ecommerce/media/AV.000910_FEATURE_58234.jpg','https://hc.com.vn/i/ecommerce/media/AV.000910_FEATURE_58235.jpg'),
		('AV.001456','https://hc.com.vn/i/ecommerce/media/AV.001456_FEATURE_67498.jpg','https://hc.com.vn/i/ecommerce/media/AV.001456_FEATURE_67499.jpg','https://hc.com.vn/i/ecommerce/media/AV.001456_FEATURE_67500.jpg','https://hc.com.vn/i/ecommerce/media/AV.001456_FEATURE_67501.jpg','https://hc.com.vn/i/ecommerce/media/AV.001456_FEATURE_67502.jpg','https://hc.com.vn/i/ecommerce/media/AV.001456_FEATURE_67503.jpg'),
		('AV.001459','https://hc.com.vn/i/ecommerce/media/AV.001459_FEATURE_67790.jpg','https://hc.com.vn/i/ecommerce/media/AV.001459_FEATURE_67791.jpg','https://hc.com.vn/i/ecommerce/media/AV.001459_FEATURE_67792.jpg','https://hc.com.vn/i/ecommerce/media/AV.001459_FEATURE_67793.jpg','https://hc.com.vn/i/ecommerce/media/AV.001459_FEATURE_67794.jpg','https://hc.com.vn/i/ecommerce/media/AV.001459_FEATURE_67795.jpg'),
		('AV.002411','https://hc.com.vn/i/ecommerce/media/AV.002411_FEATURE_85635.jpg','https://hc.com.vn/i/ecommerce/media/AV.002411_FEATURE_85636.jpg','https://hc.com.vn/i/ecommerce/media/AV.002411_FEATURE_85637.jpg','https://hc.com.vn/i/ecommerce/media/AV.002411_FEATURE_85638.jpg','https://hc.com.vn/i/ecommerce/media/AV.002411_FEATURE_85639.jpg','https://hc.com.vn/i/ecommerce/media/AV.002411_FEATURE_85640.jpg'),
		('AV.001206','https://hc.com.vn/i/ecommerce/media/AV.001206_FEATURE_62917.jpg','https://hc.com.vn/i/ecommerce/media/AV.001206_FEATURE_62918.jpg','https://hc.com.vn/i/ecommerce/media/AV.001206_FEATURE_62919.jpg','https://hc.com.vn/i/ecommerce/media/AV.001206_FEATURE_62920.jpg','https://hc.com.vn/i/ecommerce/media/AV.001206_FEATURE_62921.jpg','https://hc.com.vn/i/ecommerce/media/AV.001206_FEATURE_62922.jpg'),
		('AV.001420','https://hc.com.vn/i/ecommerce/media/AV.001420_FEATURE_67642.jpg','https://hc.com.vn/i/ecommerce/media/AV.001420_FEATURE_67643.jpg','https://hc.com.vn/i/ecommerce/media/AV.001420_FEATURE_67644.jpg','https://hc.com.vn/i/ecommerce/media/AV.001420_FEATURE_67645.jpg','https://hc.com.vn/i/ecommerce/media/AV.001420_FEATURE_67646.jpg','https://hc.com.vn/i/ecommerce/media/AV.001420_FEATURE_67647.jpg'),
		('AV.002221','https://hc.com.vn/i/ecommerce/media/AV.002221_FEATURE_79100.jpg','https://hc.com.vn/i/ecommerce/media/AV.002221_FEATURE_79102.jpg','https://hc.com.vn/i/ecommerce/media/AV.002221_FEATURE_79104.jpg','https://hc.com.vn/i/ecommerce/media/AV.002221_FEATURE_79107.jpg','https://hc.com.vn/i/ecommerce/media/AV.002221_FEATURE_79109.jpg','https://hc.com.vn/i/ecommerce/media/AV.002221_FEATURE_79111.jpg'),
		('AV.002224','https://hc.com.vn/i/ecommerce/media/AV.002224_FEATURE_79062.jpg','https://hc.com.vn/i/ecommerce/media/AV.002224_FEATURE_79063.jpg','https://hc.com.vn/i/ecommerce/media/AV.002224_FEATURE_79064.jpg','https://hc.com.vn/i/ecommerce/media/AV.002224_FEATURE_79065.jpg','https://hc.com.vn/i/ecommerce/media/AV.002224_FEATURE_79066.jpg','https://hc.com.vn/i/ecommerce/media/AV.002224_FEATURE_79067.jpg'),
		('00033675','https://hc.com.vn/i/ecommerce/media/00033675_FEATURE_55477.jpg','https://hc.com.vn/i/ecommerce/media/00033675_FEATURE_55478.jpg','https://hc.com.vn/i/ecommerce/media/00033675_FEATURE_55479.jpg','https://hc.com.vn/i/ecommerce/media/00033675_FEATURE_55480.jpg','https://hc.com.vn/i/ecommerce/media/00033675_FEATURE_55481.jpg','https://hc.com.vn/i/ecommerce/media/00033675_FEATURE_55482.jpg'),
		('AV.000544','https://hc.com.vn/i/ecommerce/media/AV.000544_FEATURE_49726.jpg','https://hc.com.vn/i/ecommerce/media/AV.000544_FEATURE_49727.jpg','https://hc.com.vn/i/ecommerce/media/AV.000544_FEATURE_49728.jpg','https://hc.com.vn/i/ecommerce/media/AV.000544_FEATURE_49729.jpg','',''),
		('AV.000898','https://hc.com.vn/i/ecommerce/media/AV.000898_FEATURE_58319.jpg','https://hc.com.vn/i/ecommerce/media/AV.000898_FEATURE_58320.jpg','https://hc.com.vn/i/ecommerce/media/AV.000898_FEATURE_58321.jpg','https://hc.com.vn/i/ecommerce/media/AV.000898_FEATURE_58322.jpg','https://hc.com.vn/i/ecommerce/media/AV.000898_FEATURE_58323.jpg','https://hc.com.vn/i/ecommerce/media/AV.000898_FEATURE_58324.jpg'),
		('00030980','https://hc.com.vn/i/ecommerce/media/00030980_FEATURE_19438.jpg','https://hc.com.vn/i/ecommerce/media/00030980_FEATURE_19439.jpg','','','',''),
		('00031454','https://hc.com.vn/i/ecommerce/media/00031454_FEATURE_19535.jpg','https://hc.com.vn/i/ecommerce/media/00031454_FEATURE_19536.jpg','https://hc.com.vn/i/ecommerce/media/00031454_FEATURE_19537.jpg','','',''),
		('00030375','https://hc.com.vn/i/ecommerce/media/00030375_FEATURE_19690.jpg','https://hc.com.vn/i/ecommerce/media/00030375_FEATURE_19692.jpg','','','',''),
		('00030379','https://hc.com.vn/i/ecommerce/media/00030379_FEATURE_53496.jpg','https://hc.com.vn/i/ecommerce/media/00030379_FEATURE_53495.jpg','https://hc.com.vn/i/ecommerce/media/00030379_FEATURE_53497.jpg','https://hc.com.vn/i/ecommerce/media/00030379_FEATURE_53499.jpg','https://hc.com.vn/i/ecommerce/media/00030379_FEATURE_53500.jpg','https://hc.com.vn/i/ecommerce/media/00030379_FEATURE_53501.jpg'),
		('00031468','https://hc.com.vn/i/ecommerce/media/00031468_FEATURE_38768.jpg','https://hc.com.vn/i/ecommerce/media/00031468_FEATURE_38769.jpg','https://hc.com.vn/i/ecommerce/media/00031468_FEATURE_38770.jpg','','',''),
		('00028056','https://hc.com.vn/i/ecommerce/media/00028056_FEATURE_18244.jpg','https://hc.com.vn/i/ecommerce/media/00028056_FEATURE_18245.jpg','https://hc.com.vn/i/ecommerce/media/00028056_FEATURE_18246.jpg','','',''),
		('00028073','https://hc.com.vn/i/ecommerce/media/00028073_FEATURE_11508.jpg','https://hc.com.vn/i/ecommerce/media/00028073_FEATURE_11509.jpg','','','',''),
		('00027312','https://hc.com.vn/i/ecommerce/media/00027312_FEATURE_53303.jpg','https://hc.com.vn/i/ecommerce/media/00027312_FEATURE_53304.jpg','https://hc.com.vn/i/ecommerce/media/00027312_FEATURE_53305.jpg','https://hc.com.vn/i/ecommerce/media/00027312_FEATURE_53306.jpg','https://hc.com.vn/i/ecommerce/media/00027312_FEATURE_53307.jpg','https://hc.com.vn/i/ecommerce/media/00027312_FEATURE_53308.jpg'),
		('AV.002405','https://hc.com.vn/i/ecommerce/media/AV.002405_FEATURE_84246.jpg','https://hc.com.vn/i/ecommerce/media/AV.002405_FEATURE_84247.jpg','https://hc.com.vn/i/ecommerce/media/AV.002405_FEATURE_84248.jpg','https://hc.com.vn/i/ecommerce/media/AV.002405_FEATURE_84249.jpg','https://hc.com.vn/i/ecommerce/media/AV.002405_FEATURE_84250.jpg','https://hc.com.vn/i/ecommerce/media/AV.002405_FEATURE_84251.jpg'),
		('00028814','https://hc.com.vn/i/ecommerce/media/00028814_FEATURE_54842.jpg','https://hc.com.vn/i/ecommerce/media/00028814_FEATURE_54843.jpg','https://hc.com.vn/i/ecommerce/media/00028814_FEATURE_54844.jpg','https://hc.com.vn/i/ecommerce/media/00028814_FEATURE_54845.jpg','https://hc.com.vn/i/ecommerce/media/00028814_FEATURE_54846.jpg','https://hc.com.vn/i/ecommerce/media/00028814_FEATURE_54847.jpg'),
		('AV.002402','https://hc.com.vn/i/ecommerce/media/AV.002402_FEATURE_84303.jpg','https://hc.com.vn/i/ecommerce/media/AV.002402_FEATURE_84304.jpg','https://hc.com.vn/i/ecommerce/media/AV.002402_FEATURE_84305.jpg','https://hc.com.vn/i/ecommerce/media/AV.002402_FEATURE_84306.jpg','https://hc.com.vn/i/ecommerce/media/AV.002402_FEATURE_84307.jpg','https://hc.com.vn/i/ecommerce/media/AV.002402_FEATURE_84308.jpg'),
		('AV.002400','https://hc.com.vn/i/ecommerce/media/AV.002400_FEATURE_84267.jpg','https://hc.com.vn/i/ecommerce/media/AV.002400_FEATURE_84268.jpg','https://hc.com.vn/i/ecommerce/media/AV.002400_FEATURE_84269.jpg','https://hc.com.vn/i/ecommerce/media/AV.002400_FEATURE_84270.jpg','https://hc.com.vn/i/ecommerce/media/AV.002400_FEATURE_84271.jpg','https://hc.com.vn/i/ecommerce/media/AV.002400_FEATURE_84272.jpg'),
		('AV.002200','https://hc.com.vn/i/ecommerce/media/AV.002200_FEATURE_79148.jpg','https://hc.com.vn/i/ecommerce/media/AV.002200_FEATURE_79149.jpg','https://hc.com.vn/i/ecommerce/media/AV.002200_FEATURE_79150.jpg','https://hc.com.vn/i/ecommerce/media/AV.002200_FEATURE_79151.jpg','https://hc.com.vn/i/ecommerce/media/AV.002200_FEATURE_79152.jpg','https://hc.com.vn/i/ecommerce/media/AV.002200_FEATURE_79153.jpg'),
		('AV.002233','https://hc.com.vn/i/ecommerce/media/AV.002233_FEATURE_78909.jpg','https://hc.com.vn/i/ecommerce/media/AV.002233_FEATURE_78911.jpg','https://hc.com.vn/i/ecommerce/media/AV.002233_FEATURE_78912.jpg','https://hc.com.vn/i/ecommerce/media/AV.002233_FEATURE_78915.jpg','https://hc.com.vn/i/ecommerce/media/AV.002233_FEATURE_78917.jpg','https://hc.com.vn/i/ecommerce/media/AV.002233_FEATURE_78921.jpg'),
		('00030567','https://hc.com.vn/i/ecommerce/media/00030567_FEATURE_53299.jpg','https://hc.com.vn/i/ecommerce/media/00030567_FEATURE_24742.jpg','https://hc.com.vn/i/ecommerce/media/00030567_FEATURE_24743.jpg','https://hc.com.vn/i/ecommerce/media/00030567_FEATURE_24744.jpg','https://hc.com.vn/i/ecommerce/media/00030567_FEATURE_24745.jpg','https://hc.com.vn/i/ecommerce/media/00030567_FEATURE_53300.jpg'),
		('00026859','https://hc.com.vn/i/ecommerce/media/00026859_FEATURE_53291.jpg','https://hc.com.vn/i/ecommerce/media/00026859_FEATURE_53292.jpg','https://hc.com.vn/i/ecommerce/media/00026859_FEATURE_53293.jpg','https://hc.com.vn/i/ecommerce/media/00026859_FEATURE_53294.jpg','https://hc.com.vn/i/ecommerce/media/00026859_FEATURE_53295.jpg','https://hc.com.vn/i/ecommerce/media/00026859_FEATURE_53296.jpg'),
		('00027225','https://hc.com.vn/i/ecommerce/media/00027225_DESKTOP_48385.jpg','','','','',''),
		('00033753','https://hc.com.vn/i/ecommerce/media/00033753_FEATURE_48863.jpg','https://hc.com.vn/i/ecommerce/media/00033753_FEATURE_48864.jpg','https://hc.com.vn/i/ecommerce/media/00033753_FEATURE_48865.jpg','https://hc.com.vn/i/ecommerce/media/00033753_FEATURE_48866.jpg','https://hc.com.vn/i/ecommerce/media/00033753_FEATURE_48867.jpg','https://hc.com.vn/i/ecommerce/media/00033753_FEATURE_48868.jpg'),
		('00025249','https://hc.com.vn/i/ecommerce/media/00025249_FEATURE_47474.jpg','https://hc.com.vn/i/ecommerce/media/00025249_FEATURE_47476.jpg','https://hc.com.vn/i/ecommerce/media/00025249_FEATURE_47477.jpg','https://hc.com.vn/i/ecommerce/media/00025249_FEATURE_47478.jpg','https://hc.com.vn/i/ecommerce/media/00025249_FEATURE_47474.jpg',''),
		('00013882','https://hc.com.vn/i/ecommerce/media/00013882_FEATURE_43231.jpg','','','','',''),
		('AV.001886','https://hc.com.vn/i/ecommerce/media/AV.001886_FEATURE_74316.jpg','https://hc.com.vn/i/ecommerce/media/AV.001886_FEATURE_74317.jpg','https://hc.com.vn/i/ecommerce/media/AV.001886_FEATURE_74318.jpg','https://hc.com.vn/i/ecommerce/media/AV.001886_FEATURE_74319.jpg','https://hc.com.vn/i/ecommerce/media/AV.001886_FEATURE_74320.jpg','https://hc.com.vn/i/ecommerce/media/AV.001886_FEATURE_74321.jpg'),
		('AV.000502','https://hc.com.vn/i/ecommerce/media/AV.000502_FEATURE_48040.jpg','https://hc.com.vn/i/ecommerce/media/AV.000502_FEATURE_48041.jpg','https://hc.com.vn/i/ecommerce/media/AV.000502_FEATURE_48042.jpg','','',''),
		('GS.006369','https://hc.com.vn/i/ecommerce/media/GS.006369_FEATURE_73618.jpg','https://hc.com.vn/i/ecommerce/media/GS.006369_FEATURE_73619.jpg','https://hc.com.vn/i/ecommerce/media/GS.006369_FEATURE_73620.jpg','https://hc.com.vn/i/ecommerce/media/GS.006369_FEATURE_73621.jpg','','');



insert into MoTa(SanPhamMaSP,TieuDe,Mota,HinhAnh)
	values('AV.001708',N'Thiết kế sang trọng, đẳng cấp',N'Smart Tivi LG NanoCell 8K 55 inch 55NANO95TNA sở hữu thiết kế hiện đại, sang trọng, tinh tế đến từng đường nét. Đường viền Nano Bezel tinh gọn, siêu mảnh tối ưu vùng hiển thị mang lại trải nghiệm khác biệt, đồng thời hòa hợp tôn thêm vẻ đẹp cho mọi không gian nội thất. Kích thước lớn lên tới 55 inch thích hợp với những buổi tụ họp giải trí cùng gia đình, bạn bè trong những căn phòng rộng rãi như phòng khách, phòng họp.','https://hc.com.vn/i/ecommerce/media/ckeditor_3064317.jpg'),
		('AV.001708',N'Hình ảnh sắc nét, chất lượng hoàn hảo với độ phân giải 8K',N'Khám phá những khung hình với chất lượng hình ảnh siêu nét trên Smart Tivi LG 8K 55NANO95TNA nhờ số điểm ảnh lên đến 33 triệu nhiều hơn gấp 4 lần so với độ phân giải 4K.','https://hc.com.vn/i/ecommerce/media/ckeditor_2872158.jpg'),
		('AV.002410',N'Thiết kế đẳng cấp nâng tầm không gian sống tiện nghi',N'Smart Tivi LG NanoCell 8K 75 inch 75NANO95TPA sở hữu phong cách thiết kế đẳng cấp, kiểu dáng đẹp kết hợp với tông màu đen thanh lịch, cuốn hút từ mọi góc nhìn, phù hợp với mọi không gian nội thất trong nhà bạn. Bạn có thể đặt tivi lên kệ hoặc treo tường vừa tiết kiệm không gian lại tạo điểm nhấn nổi bật cho căn phòng thêm phần tinh tế, sang trọng.','https://hc.com.vn/i/ecommerce/media/ckeditor_3183821.jpg'),
		('AV.002410',N'Độ phân giải 8K cho màu sắc tinh khiết, hình ảnh chân thực',N'LG luôn mang đến sự bất ngờ thú vị cho người dùng, thể hiện sự khác biệt điểm nổi bật ở mỗi dòng tivi mới ra mắt. Với dòng tivi LG NanoCell NANO95TPA hình ảnh và màu sắc của tivi đã được nâng cấp lên độ phân giải 8K, màu sắc được hiển thị tinh khiết chính xác hơn, chất lượng sắc nét hơn nâng tầm trải nghiệm xem trở nên chân thực nhất.','https://hc.com.vn/i/ecommerce/media/ckeditor_3141215.gif'),
		('AV.000901',N'Màn hình vô cực cho không gian giải trí vô hạn',N'Smart Tivi QLED Samsung 8K 75 inch QA75Q950TSKXXV là dòng tivi QLED 8K sở hữu màn hình vô cực kết hợp cạnh viền siêu mỏng tạo nên một tuyệt tác, điểm nhấn ấn tượng cho không gian nội thất nhà bạn mang đến cho người dùng thế giới giải trí hấp dẫn, cuốn hút thông qua màn hình 8K một cách chân thực.','https://hc.com.vn/i/ecommerce/media/ckeditor_2703616.jpg'),
		('AV.000901',N'Độ phân giải 8K cho khung hình sắc nét vượt trội',N'Smart Tivi Samsung được trang bị độ phân giải 8K cho hình ảnh hiển thị sắc nét gấp 4 lần 4K thông thường cho phép bạn được trải nghiệm các chương trình giải trí thêm thú vị, hình ảnh chân thật hơn. ','https://hc.com.vn/i/ecommerce/media/ckeditor_2703601.jpg'),
		('00033679',N'QLED Samsung thiết kế hoàn hảo đến từng chi tiết',N'Smart Tivi 75Q900R QLED Samsung 8K 75 inch sở hữu thiết kế hoàn hảo với màn hình siêu mỏng tạo cảm giác ấn tượng cho người dùng với cái nhìn lần đầu tiên, hình ảnh sắc nét bao trùm ở mọi góc độ nhìn mang đến sự sang trọng và nghệ thuật cho không gian căn phòng.','https://hc.com.vn/i/ecommerce/media/ckeditor_1947988.jpg'),
		('00033679',N'Độ phân giải 8K QA75Q900RBKXXV Samsung',N'Chất lượng hình ảnh chân thực bạn chưa từng thấy Samsung QLED 8K 75Q900R. Trên một khung hình sống động, từng chi tiết nhỏ nhất được tái tạo tỉ mỉ đến khó tin, kết hợp với độ phân giải đỉnh cao, QLED 8K Q900R như bao trùm mọi giác quan, biến từng thước phim trở nên chân thật như chính bạn đang chứng kiến.','https://hc.com.vn/i/ecommerce/media/ckeditor_1947990.jpg'),
		('00033682',N'QLED Samsung thiết kế hoàn hảo đến từng chi tiết',N'Tận hưởng trọn vẹn sắc màu cuộc sống trên một màn hình lớn và sắc nét vượt trội. Kết hợp với chất lượng hiển thị hoàn hảo, QA82Q900 QLED TV thế hệ mới mang đến cho bạn một trải nghiệm xem sống động, chân thực như đang diễn ra trước mắt.','https://hc.com.vn/i/ecommerce/media/ckeditor_1947451.jpg'),
		('00033682',N'Độ phân giải 8K 82 inch QLED QA82Q900RBKXXV',N'Mở ra kỷ nguyên chất lượng hình ảnh chân thực bạn chưa từng thấy. Trên một khung hình sống động, từng chi tiết nhỏ nhất được tái tạo tỉ mỉ đến khó tin, kết hợp với độ phân giải đỉnh cao, QLED 8K 82Q900R như bao trùm mọi giác quan, biến từng thước phim trở nên chân thật như chính bạn đang chứng kiến.','https://hc.com.vn/i/ecommerce/media/ckeditor_1947453.jpg'),
		('AV.000910',N'Kiểu dáng tinh tế, màn hình phẳng không viền 4 cạnh ấn tượng',N'Smart Tivi QLED Samsung 8K 75 inch QA75Q800TAKXXV là dòng tivi QLED 8K sở hữu màn hình không viền 4 cạnh tinh tế tạo điểm nhấn ấn tượng cho không gian nội thất nhà bạn mang đến cho người dùng thế giới giải trí hấp dẫn, cuốn hút thông qua màn hình 8K một cách chân thực.','https://hc.com.vn/i/ecommerce/media/ckeditor_2709219.jpg'),
		('AV.000910',N'Độ phân giải 8K cho khung hình sắc nét vượt trội ',N'Smart Tivi Samsung được trang bị độ phân giải 8K cho hình ảnh hiển thị sắc nét gấp 4 lần 4K thông thường cho phép bạn được trải nghiệm các chương trình giải trí thêm thú vị, chân thực đến từng chi tiết nhỏ.','https://hc.com.vn/i/ecommerce/media/ckeditor_2709120.jpg'),
		('AV.001456',N'Thiết kế sang trọng, đẳng cấp',N'Smart Tivi LG NanoCell 8K 75 inch 75NANO95TNA sở hữu thiết kế hiện đại, sang trọng, tinh tế đến từng đường nét. Đường viền Nano Bezel tinh gọn, siêu mảnh tối ưu vùng hiển thị mang lại trải nghiệm khác biệt, đồng thời hòa hợp tôn thêm vẻ đẹp cho mọi không gian nội thất. Kích thước lớn lên tới 75 inch thích hợp với những buổi tụ họp giải trí cùng gia đình, bạn bè trong những căn phòng rộng rãi như phòng khách, phòng họp hay các nhà hàng, quán café.','https://hc.com.vn/i/ecommerce/media/ckeditor_2872175.jpg'),
		('AV.001456',N'Hình ảnh sắc nét, chất lượng hoàn hảo với độ phân giải 8K',N'Khám phá những khung hình với chất lượng hình ảnh siêu nét trên Smart Tivi LG 8K 75NANO95TNA nhờ số điểm ảnh lên đến 33 triệu nhiều hơn gấp 4 lần so với độ phân giải 4K.','https://hc.com.vn/i/ecommerce/media/ckeditor_2872176.jpg'),
		('AV.001459',N'Thiết kế sang trọng, đẳng cấp',N'Smart Tivi LG NanoCell 8K 65 inch 65NANO95TNA sở hữu thiết kế hiện đại, sang trọng, tinh tế đến từng đường nét. Đường viền Nano Bezel tinh gọn, siêu mảnh tối ưu vùng hiển thị mang lại trải nghiệm khác biệt, đồng thời hòa hợp tôn thêm vẻ đẹp cho mọi không gian nội thất. Kích thước lớn lên tới 65 inch thích hợp với những buổi tụ họp giải trí cùng gia đình, bạn bè trong những căn phòng rộng rãi như phòng khách, phòng họp hay các nhà hàng, quán café.','https://hc.com.vn/i/ecommerce/media/ckeditor_2872157.jpg'),
		('AV.001459',N'Hình ảnh sắc nét, chất lượng hoàn hảo với độ phân giải 8K',N'Khám phá những khung hình với chất lượng hình ảnh siêu nét trên Smart Tivi LG 8K 65NANO95TNA nhờ số điểm ảnh lên đến 33 triệu nhiều hơn gấp 4 lần so với độ phân giải 4K.','https://hc.com.vn/i/ecommerce/media/ckeditor_2872158.jpg'),
		('AV.002411',N'Thiết kế kiểu dáng tinh tế, đậm chất nghệ thuật',N'Smart Tivi LG NanoCell 8K 65 inch 65NANO95TPA sở hữu phong cách thiết kế đẳng cấp, kiểu dáng đẹp kết hợp với tông màu đen thanh lịch, cuốn hút từ mọi góc nhìn, phù hợp với mọi không gian nội thất trong nhà bạn. Bạn có thể đặt tivi lên kệ hoặc treo tường vừa tiết kiệm không gian lại tạo điểm nhấn nổi bật cho căn phòng thêm phần tinh tế, sang trọng.','https://hc.com.vn/i/ecommerce/media/ckeditor_3183821.jpg'),
		('AV.002411',N'Độ phân giải 8K cho màu sắc tinh khiết, hình ảnh chân thực',N'LG luôn mang đến sự bất ngờ thú vị cho người dùng, thể hiện sự khác biệt điểm nổi bật ở mỗi dòng tivi mới ra mắt. Với dòng tivi LG NanoCell NANO95TPA hình ảnh và màu sắc của tivi đã được nâng cấp lên độ phân giải 8K, màu sắc được hiển thị tinh khiết chính xác hơn, chất lượng sắc nét hơn nâng tầm trải nghiệm xem trở nên chân thực nhất. ','https://hc.com.vn/i/ecommerce/media/ckeditor_3141215.gif'),
		('AV.001206',N'Thiết kế Sony KD-85Z8H độc đáo, tinh tế',N'Ý tưởng thiết kế one slate: Thiết kế one slate mỏng và giản đơn giúp bạn tập trung vào màn hình, đồng thời hòa quyện trong bất kỳ căn phòng nào.','https://hc.com.vn/i/ecommerce/media/ckeditor_2767494.jpg'),
		('AV.001206',N'Tái tạo dải màu rộng hơn, chính xác hơn với công nghệ TRILUMINOS Display',N'Bằng cách mở rộng phổ màu, TRILUMINOS Display trên tivi Sony 85Z8H được hỗ trợ sức mạnh bởi bộ xử lý X1 giúp tái tạo nhiều màu sắc hơn so với TV thông thường. Công nghệ này phân tích và xử lý dữ liệu trong mỗi hình ảnh giúp màu sắc trở nên tự nhiên và chính xác hơn, nhờ đó mang lại hình ảnh cuối cùng trông chân thực hơn bao giờ hết.','https://hc.com.vn/i/ecommerce/media/ckeditor_2767488.jpg'),
		('AV.001420',N'Thiết kế sang trọng và tinh tế',N'Sở hữu thiết kế cao cấp hiện đại kết hợp với kiểu dáng tinh tế, tivi OLED LG 77 inch OLED77ZXPTA dễ dàng hòa hợp với không gian nội thất ngôi nhà của bạn, mang đến vẻ đẹp sang trọng và đẳng cấp. ','https://hc.com.vn/i/ecommerce/media/ckeditor_2867626.jpg'),
		('AV.001420',N'Màn hình cỡ lớn 77 inch',N'Với kích cỡ màn hình lớn, tivi LG NanoCell 77 inch có thể dễ dàng bố trí trong nhiều không gian khác nhau từ phòng hội nghị, phòng khách cho tới phòng ngủ, phòng bếp...Màn hình 77 inch giúp từng chi tiết nhỏ được khai phá trở nên sắc nét ấn tượng, truyền tải trọn vẹn từng cung bậc cảm xúc với dải sắc màu cuộc sống được tái hiện hoàn hảo, chân thực ngay trong chính căn phòng bạn, giúp bạn có những trải nghiệm tuyệt vời trong ngay chính ngôi nhà của mình. ','https://hc.com.vn/i/ecommerce/media/ckeditor_2867635.jpg'),
		('AV.002221',N'Thiết kế Infinity One màn hình vô cực nâng tầm trải nghiệm xem',N'Smart Tivi Neo QLED Samsung 8K 65 inch QA65QN900A là dòng tivi Neo QLED 8K sở hữu thiết kế Infinity One màn hình vô cực kết hợp cạnh viền siêu mỏng tạo nên một tuyệt tác, điểm nhấn ấn tượng cho không gian nội thất nhà bạn mang đến cho người dùng thế giới giải trí hấp dẫn, cuốn hút thông qua màn hình 8K một cách chân thực. Cạnh viền gần như vô hình giúp bạn hoàn toàn tập trung trải nghiệm nội dung ưa thích mà không bị xao nhãng.','https://hc.com.vn/i/ecommerce/media/ckeditor_3087940.jpg'),
		('AV.002221',N'Độ phân giải 8K cho khung hình sắc nét vượt trội',N'Tivi Samsung được trang bị độ phân giải 8K cho phép bạn thưởng thức khung hình rõ nét vượt trội với 33 triệu điểm ảnh, hình ảnh hiển thị sắc nét gấp 4 lần 4K thông thường cho phép bạn được trải nghiệm các chương trình giải trí thêm thú vị, chân thực đến từng chi tiết nhỏ.','https://hc.com.vn/i/ecommerce/media/ckeditor_3087948.jpg'),
		('AV.002224',N'Thiết kế Infinity One màn hình vô cực nâng tầm trải nghiệm xem',N'Smart Tivi Neo QLED Samsung 8K 65 inch QA65QN800A là dòng tivi Neo QLED 8K sở hữu thiết kế Infinity One màn hình vô cực kết hợp cạnh viền siêu mỏng tạo nên một tuyệt tác, điểm nhấn ấn tượng cho không gian nội thất nhà bạn mang đến cho người dùng thế giới giải trí hấp dẫn, cuốn hút thông qua màn hình 8K một cách chân thực. Cạnh viền gần như vô hình giúp bạn hoàn toàn tập trung trải nghiệm nội dung ưa thích mà không bị xao nhãng.','https://hc.com.vn/i/ecommerce/media/ckeditor_3087940.jpg'),
		('AV.002224',N'Độ phân giải 8K cho khung hình sắc nét vượt trội ',N'Tivi Samsung được trang bị độ phân giải 8K cho phép bạn thưởng thức khung hình rõ nét vượt trội với 33 triệu điểm ảnh, hình ảnh hiển thị sắc nét gấp 4 lần 4K thông thường cho phép bạn được trải nghiệm các chương trình giải trí thêm thú vị, chân thực đến từng chi tiết nhỏ.','https://hc.com.vn/i/ecommerce/media/ckeditor_3087948.jpg'),
		('00033675',N'QLED Samsung thiết kế hoàn hảo đến từng chi tiết',N'Smart Tivi QLED Samsung 8K 65 inch QA65Q900RBKXXV sở hữu thiết kế hoàn hảo siêu mỏng, hình ảnh sắc nét mang đến không gian hiện đại cho không gian sống căn phòng của bạn.','https://hc.com.vn/i/ecommerce/media/ckeditor_1948370.jpg'),
		('00033675',N'Độ phân giải 8K',N'Cho người dùng cảm nhận khi nhìn vào chất lượng hình ảnh chân thực bạn chưa từng thấy ngay tại QA65Q900RBKXXV. Trên một khung hình sống động, từng chi tiết nhỏ nhất được tái tạo tỉ mỉ đến khó tin, kết hợp với độ phân giải đỉnh cao, TV Samsung QLED 8K 65Q900R như bao trùm mọi giác quan, biến từng thước phim trở nên chân thật như chính bạn đang chứng kiến.','https://hc.com.vn/i/ecommerce/media/ckeditor_1948375.jpg'),
		('AV.000544',N'QLED Samsung thiết kế hoàn hảo đến từng chi tiết',N'Sở hữu kiểu dáng hiện đại Tivi Samsung 55Q900R, đường nét tinh tế, mang đến trải nghiệm xem vượt trội hơn, giúp gian phòng bố trí thêm sang trọng, trang nhã hơn.','https://hc.com.vn/i/ecommerce/media/ckeditor_2834445.jpg'),
		('AV.000544',N'Công nghệ chấm lượng tử Quantum Dot Smart Samsung QA55Q900R',N'Như vậy, nó có tác dụng của các chấm lượng tử, tivi Samsung QLED Smart thể hiện hoàn hảo mọi dải sắc màu ở mọi điều kiện sáng khác nhau, cải thiện mọi góc nhìn của người xem đáng kể, tránh cảm giác màu nhạt nhoà và khó quan sát.','https://hc.com.vn/i/ecommerce/media/ckeditor_2834574.jpg'),
		('AV.000898',N'Màn hình vô cực cho không gian giải trí bất tận',N'Smart Tivi QLED Samsung 8K 85 inch 85Q950TS là dòng tivi QLED 8K sở hữu màn hình vô cực kết hợp cạnh viền siêu mỏng tạo nên một tuyệt tác, điểm nhấn ấn tượng cho không gian nội thất nhà bạn mang đến cho người dùng thế giới giải trí hấp dẫn, cuốn hút thông qua màn hình 8K một cách chân thực.','https://hc.com.vn/i/ecommerce/media/ckeditor_2703616.jpg'),
		('AV.000898',N'Công nghệ Quantum Dot hiển thị 100% dải màu sắc cho hình ảnh sống động như thật',N'Samsung mang đến cho người dùng một trải nghiệm mới chính là công nghệ chấm lượng tử, công nghệ này cho phép tivi có thể đạt độ sáng lên đến 4000 nit giúp hiển thị hình ảnh HDR được sắc nét và chân thực hơn. Hơn nữa, tivi còn được tích hợp thêm công nghệ Quantum HDR cải thiện độ chính xác màu sắc, tối ưu độ tương phản và điều chỉnh và tạo ra đúng loại ánh sáng phù hợp.','https://hc.com.vn/i/ecommerce/media/ckeditor_2703600.jpg'),
		('00030980',N'Thiết kế mỏng, tinh tế',N'Android Tivi Sharp 4K LC-50UA6800X thiết kế tinh tế với viền màn hình siêu mỏng tạo nét đẹp sang trọng cho không gian nội thất. Thiết kế chân đế chữ V chắc chắn giúp tivi có thể đứng vững trên nhiều bề mặt phẳng khác nhau như: Thảm, gỗ, kính hay kim loại...','https://hc.com.vn/i/ecommerce/media/ckeditor_1936944.jpg'),
		('00030980',N'Tính năng Real Colour cho hình ảnh sống động, rực rỡ',N'Android Tivi Sharp tích hợp tính năng Real Colour có khả năng tái tạo dải màu sắc rộng hơn 123% so với các TV thông thường. Các màu đỏ và xanh được hiển thị một cách tự nhiên, chân thực nhất tạo màu sắc sống động trong mỗi thước hình,  đem lại trải nghiệm hoàn hảo cho bạn khi xem những cảnh phim về tự nhiên, con người.','https://hc.com.vn/i/ecommerce/media/ckeditor_1936946.jpg'),
		('00031454',N'Thiết kế sang trọng',N'Android Tivi Sharp 4K LC-60UA6800X  thiết kế tinh tế với viền màn hình siêu mỏng tạo nét đẹp sang trọng cho không gian nội thất. Thiết kế chân đế chữ V chắc chắn giúp tivi có thể đứng vững trên nhiều bề mặt phẳng khác nhau như: Thảm, gỗ, kính hay kim loại...','https://hc.com.vn/i/ecommerce/media/ckeditor_1934036.jpg'),
		('00031454',N'Độ phân giải UHD 4K cùng công nghệ HDR tạo hình ảnh sinh động, sắc nét',N'Android Tivi Sharp LC-60UA6800X  được trang bị độ phân giải lên đến 4K, cho độ nét hình ảnh cao gấp 4 lần TV FHD, mang đến những hình ảnh sắc nét và chân thực. Cùng với công nghệ HDR giúp mở rộng dải ánh sáng, tạo hình ảnh có chiều sâu vượt trội hơn,  giúp hiển thị hình ảnh ở các vùng sáng hoặc tối rõ nét hơn. Công nghệ HDR tối ưu hoá chi tiết hình ảnh đẹp đến từng chi tiết cho bạn thưởng thức từng khoảnh khắc sống động và sắc nét ngay cả trong khung hình tối nhất.','https://hc.com.vn/i/ecommerce/media/ckeditor_1934037.jpg'),
		('00030375',N'Chất lượng hình ảnh tivi Sony 75Z9F 4K với độ phân giải gấp 4 lần Full HD cho hình ảnh cực kì sắc nét',N'Tivi 4K được trang bị 3.840 điểm ảnh ngang và 2.160 điểm ảnh dọc, tương ứng với 8,3 triệu điểm ảnh sẽ trải khắp màn hình Sony 75Z9F đảm bảo hình ảnh có độ sắc nét đến từng chi tiết nhỏ, giúp tivi truyền tải hình ảnh có độ nét vượt trội với từng chi tiết, chuyển động được mượt mà và sống động như thật.','https://hc.com.vn/i/ecommerce/media/ckeditor_2850595.jpg'),
		('00030375',N'Công nghệ X – Wide Angle – Đảm bảo chất lượng hình ảnh từ mọi góc nhìn',N'Tivi  KD-75Z9F sở hữu công nghệ X-Wide Angle đảm bảo chất lượng hình ảnh ở mọi góc nhìn, cho phép màu sắc không bị thay đổi ngay cả khi nhìn ở góc lệch.','https://hc.com.vn/i/ecommerce/media/ckeditor_2805687.jpg'),
		('00030379',N'Công nghệ TRILUMINOS Display tái tạo hình ảnh rực rỡ và sống động hơn',N'TRILUMINOS trên tivi OLED Sony 65 inch 65A9F hiển thị dải màu sắc rộng hơn, tạo hình ảnh với màu sắc chân thực, tự nhiên, đặc biệt là màu đỏ, xanh lục hay xanh lam được thể hiện một cách rực rỡ và bắt mắt cho hình ảnh hiển thị sống động, ấn tượng đến từng chi tiết.','https://hc.com.vn/i/ecommerce/media/ckeditor_1920911.jpg'),
		('00030379',N'Android tivi Sony 65A9F xử lý hình ảnh hiện đại với chip X1 Ultimate',N'Dòng chip X1 Ultimate với khả năng phát hiện và phân tích hàng trăm đối tượng, vật thể khác nhau trên màn hình. Từ đó giúp tivi Sony KD-65A9F tăng cường độ sáng, chi tiết và màu sắc một cách thông minh để tạo chiều sâu hình ảnh chân thực và rõ ràng nhất.','https://hc.com.vn/i/ecommerce/media/ckeditor_1920913.jpg'),
		('00031468',N'Độ phân giải 4K cho hình ảnh sắc nét',N'Tivi Toshiba 50 Inch 50U7880VN với độ phân giải UHD 4K đem tới chất lượng hình ảnh vô cùng sắc nét, sống động như thật','https://hc.com.vn/i/ecommerce/media/ckeditor_1953416.jpg'),
		('00031468',N'Hệ điều hành Android thân thiện, dễ sử dụng',N'Tivi Toshiba sử dụng hệ điều hành Android thân thiện dễ sử dụng. Kho ứng dụng đa dạng như: YouTube, Trình duyệt web, Netflix,… Ngoài ra, người dùng có thể dễ dàng tải thêm các ứng dụng khác trên Google Play, sẽ mang đến không giản giải trí tuyệt vời.','https://hc.com.vn/i/ecommerce/media/ckeditor_1953420.jpg'),
		('00028056',N'Màn hình 49 inch rộng lớn, độ phân giải cao',N'Android Tivi TCL 4K 49 inch L49C2-UF thiết kế màn hình rộng lên tới 49 inch cùng với độ phân giải 4K UHD cho hiển thị hình ảnh chất lượng cao gấp 4 lần Full HD vì thế hình ản vô cùng sắc nét. Nhờ công nghệ mới này, sản phẩm sẽ đem đến cho bạn trải nghiệm hình ảnh chân thực và sống động tới từng chi tiết mà các dòng tivi trước đây chưa hề có được.','https://hc.com.vn/i/ecommerce/media/ckeditor_1831766.jpg'),
		('00028056',N'Kết nối không dây tiện ích',N'Android Tivi TCL 4K 49 inch L49C2-UF được tích hợp tính năng kết nối Internet thông qua cổng LAN hoặc Wifi không dây giúp bạn dễ dàng truy cập thế giới giải trí vô tận, không giới hạn. Đặc biệt, sản phẩm cũng được lắp đặt sẵn đầu thu KTS DVB-T2 giúp bạn xem hoàn toàn miễn phí nhiều chương trình truyền hình kỹ thuật số chất lượng cao.','https://hc.com.vn/i/ecommerce/media/ckeditor_1831765.jpg'),
		('00028073',N'Thiết kế tinh tế và sang trọng',N'Tivi Sharp 4K 60 inch LC-60UA440X là một chiếc tivi mang đậm phong cách sống hiện đại với màn hình tràn viền tuyệt đẹp. Không chỉ tiết kiệm không gian sử dụng, không chỉ là một thiết bị giải trí, tivi Sharp còn giúp tô điểm thêm cho tổ ấm của gia đình bạn.','https://hc.com.vn/i/ecommerce/media/ckeditor_1827897.jpg'),
		('00028073',N'Tivi 4K sắc nét và sống động',N'Tivi Sharp 4K 60 inch LC-60UA440X là chiếc tivi được trang bị những tính năng ưu việt nhất của dòng tivi Sharp với đặc điểm nổi bật nhất được  chính là công nghệ hình ảnh 4K. Với màn hình LED 60”  lớn kết hợp cùng công nghệ 4K Ultra HD với độ phân giải 3840x2160px gấp 4 lần chế độ Full HD cho chất lượng hình ảnh sắc nét và sống động đến từng chi tiết, mang đến những khung hình đẹp đến bất ngờ cho người xem.','https://hc.com.vn/i/ecommerce/media/ckeditor_1827554.jpg'),
		('00027312',N'Thiết kế sang trọng, đơn giản lịch lãm',N'Smart Tivi QLED Samsung 4K 75 inch QA75Q9FAMKXXV  một sản phẩm đỉnh cao của công nghệ Tivi, với thiết kế tràn viền tinh tế, cùng thiết kế tối giản trong việc kết nối, giúp tối ưu không gian của gia đình bạn.','https://hc.com.vn/i/ecommerce/media/ckeditor_2859271.jpg'),
		('00027312',N'QLED – Đỉnh cao công nghệ Tivi',N'Với công nghệ Quantum Dot – Chấm lượng tử thế hệ mới với lõi hợp kim tiên tiến, tivi Samsung QA75Q9F sẽ mang đến màu sắc hoàn hảo chưa từng có, để bạn có được những trải nghiệm hình ảnh cùng thước phim ấn tượng.','https://hc.com.vn/i/ecommerce/media/ckeditor_2859276.jpg'),
		('AV.002405',N'Thiết kế màn hình OLED ấn tượng, đường nét tinh tế viền màn hình siêu mỏng',N'Smart Tivi OLED LG 4K 48 inch 48A1PTA gây ấn tượng người dùng với phong cách thiết kế đẳng cấp, công nghệ màn hình OLED hiện đại, viền màn hình siêu mỏng cảm giác như tràn viền giúp bạn tập trung hoàn toàn vào màn hình trải nghiệm nội dung ưa thích mà không bị xao nhãng, mở rộng thế giới giải trí thêm đa dạng và phong phú hơn, tạo điểm nhấn cho không gian nội thất nhà bạn.','https://hc.com.vn/i/ecommerce/media/ckeditor_3163406.jpg'),
		('AV.002405',N'Độ phân giải 4K cho hình ảnh hiển thị sắc nét vượt trội',N'Smart Tivi OLED LG 4K 48 inch 48A1PTA được trang bị độ phân giải 4K cho phép truyền tải hình ảnh sắc nét và chi tiết rõ rệt hơn so với tivi HD thông thường kết hợp với công nghệ OLED mang đến cho người dùng trải nghiệm chất lượng hình ảnh 4K vượt trội.','https://hc.com.vn/i/ecommerce/media/ckeditor_3151523.PNG'),
		('00028814',N'Thiết kế siêu đẳng cấp, hiện đại',N'Smart Tivi OLED 77W7T với thiết kế mới lạ, hệ thống loa của tivi được tách rời khỏi màn hình, mang đến vẻ đẹp sang trọng và độc đáo trong chính không gian nội thất gia đình bạn.','https://hc.com.vn/i/ecommerce/media/ckeditor_2840379.jpg'),
		('00028814',N'Công nghệ màn hình OLED với điểm ảnh tự phát sáng trên tivi LG 77W7T',N'Tivi OLED LG sở hữu những điểm ảnh có khả năng tự phát sáng, mang lại sắc đen sâu thẳm tuyệt đối, giúp việc tái hiện màu sắc trở nên hoàn hảo, khiến những thước hình của tivi LG trở nên cực kì ấn tượng.','https://hc.com.vn/i/ecommerce/media/ckeditor_2840382.jpg'),
		('AV.002402',N'Thiết kế màn hình OLED ấn tượng, đường nét tinh tế viền màn hình siêu mỏng',N'Smart Tivi OLED LG 4K 55 inch 55B1PTA gây ấn tượng người dùng với phong cách thiết kế đẳng cấp, công nghệ màn hình OLED hiện đại, viền màn hình siêu mỏng cảm giác như tràn viền giúp bạn tập trung hoàn toàn vào màn hình trải nghiệm nội dung ưa thích mà không bị xao nhãng, mở rộng thế giới giải trí thêm đa dạng và phong phú hơn, tạo điểm nhấn cho không gian nội thất nhà bạn.','https://hc.com.vn/i/ecommerce/media/ckeditor_3158866.jpg'),
		('AV.002402',N'Độ phân giải 4K cho hình ảnh hiển thị sắc nét vượt trội',N'Smart Tivi OLED LG 4K 55 inch 55B1PTA được trang bị độ phân giải 4K cho phép truyền tải hình ảnh sắc nét và chi tiết rõ rệt hơn so với tivi HD thông thường kết hợp với công nghệ OLED mang đến cho người dùng trải nghiệm chất lượng hình ảnh 4K vượt trội.','https://hc.com.vn/i/ecommerce/media/ckeditor_3151523.PNG'),
		('AV.002400',N'Thiết kế màn hình OLED ấn tượng, viền màn hình siêu mỏng cảm giác như tràn viền',N'Smart Tivi OLED LG 4K 48 inch 48C1PTB gây ấn tượng người dùng với phong cách thiết kế đẳng cấp, công nghệ màn hình OLED hiện đại, viền màn hình siêu mỏng cảm giác như tràn viền giúp bạn tập trung hoàn toàn vào màn hình trải nghiệm nội dung ưa thích mà không bị xao nhãng, mở rộng thế giới giải trí thêm đa dạng và phong phú hơn, tạo điểm nhấn cho không gian nội thất nhà bạn.','https://hc.com.vn/i/ecommerce/media/ckeditor_3151149.jpg'),
		('AV.002400',N'Độ phân giải 4K cho hình ảnh hiển thị sắc nét vượt trội',N'Smart Tivi OLED LG 4K 48 inch 48C1PTB được trang bị độ phân giải 4K cho phép truyền tải hình ảnh sắc nét và chi tiết rõ rệt hơn so với tivi HD thông thường kết hợp với công nghệ OLED mang đến cho người dùng trải nghiệm chất lượng hình ảnh 4K vượt trội.','https://hc.com.vn/i/ecommerce/media/ckeditor_3151523.PNG'),
		('AV.002200',N'Thiết kế NeoSlim siêu mỏng như một kiệt tác nghệ thuật tô điểm không gian sống',N'Smart Tivi Neo QLED Samsung 4K 50 inch QA50QN90A sở hữu thiết kế theo phong cách NeoSlim màn hình tràn viền 4 cạnh ấn tượng mở rộng không gian màn hình hiển thị cho phép người dùng trải nghiệm những hình ảnh sống động, sắc nét hơn, nâng tầm không gian sống hiện đại cho ngôi nhà của bạn.','https://hc.com.vn/i/ecommerce/media/ckeditor_3084419.jpg'),
		('AV.002200',N'Bộ xử lý Neo Quantum 4K tối ưu hóa khả năng hiển thị hình ảnh chất lượng kết hợp với trí thông minh nhân tạo AI',N'Tivi Samsung sở hữu bộ xử lý Neo Quantum 4K nâng cấp hình ảnh có chất lượng không phải 4K lên gần chuẩn 4K nhất, với bộ xử lý Neo Quantum 4K tích hợp trí thông minh nhân tạo AI tự động phân tích nội dung nguồn nhằm khử nhiễu hình ảnh, tinh chỉnh âm thanh, tái tạo những chi tiết bị mất cho bạn những trải nghiệm các chương trình giải trí, tin tức, thể thao...chân thực nhất.','https://hc.com.vn/i/ecommerce/media/ckeditor_3084417.jpg'),
		('AV.002233',N'Thiết kế Infinity One màn hình vô cực nâng tầm trải nghiệm xem',N'Smart Tivi Neo QLED Samsung 8K 85 inch QA85QN900A là dòng tivi Neo QLED 8K sở hữu thiết kế Infinity One màn hình vô cực kết hợp cạnh viền siêu mỏng tạo nên một tuyệt tác, điểm nhấn ấn tượng cho không gian nội thất nhà bạn mang đến cho người dùng thế giới giải trí hấp dẫn, cuốn hút thông qua màn hình 8K một cách chân thực. Cạnh viền gần như vô hình giúp bạn hoàn toàn tập trung trải nghiệm nội dung ưa thích mà không bị xao nhãng.','https://hc.com.vn/i/ecommerce/media/ckeditor_3087940.jpg'),
		('AV.002233',N'Độ phân giải 8K cho khung hình sắc nét vượt trội',N'Tivi Samsung được trang bị độ phân giải 8K cho phép bạn thưởng thức khung hình rõ nét vượt trội với 33 triệu điểm ảnh, hình ảnh hiển thị sắc nét gấp 4 lần 4K thông thường cho phép bạn được trải nghiệm các chương trình giải trí thêm thú vị, chân thực đến từng chi tiết nhỏ.','https://hc.com.vn/i/ecommerce/media/ckeditor_3087948.jpg'),
		('00030567',N'Thiết kế màn hình cong sang trọng',N'Tivi Samsung 55 inch là lựa chọn ấn tượng cho nhiều không gian như:  phòng khách, phòng họp, phòng làm việc… tôn lên nét đẹp tiện nghi, hiện đại cho nội thất căn phòng.','https://hc.com.vn/i/ecommerce/media/ckeditor_1940745.jpg'),
		('00030567',N'Độ phân giải UHD 4K cho hình ảnh sắc nét',N'Tivi QA55Q8CN Samsung 4K được trang bị độ phân giải lên đến 4K, cho độ nét hình ảnh cao gấp 4 lần TV FHD, giúp bạn tận hưởng hình ảnh một cách sắc nét, rõ ràng và chân thực.','https://hc.com.vn/i/ecommerce/media/ckeditor_1940746.jpg'),
		('00026859',N'Q Colour – Dải màu rộng vượt trội QLED Samsung QA55Q8CAMKXXV TV',N'Smart Tivi Samsung với dãy sắc màu rộng mang đến cho bạn những cảm xúc đỉnh cao mỗi khi xem tivi, bạn sẽ được khám phá thế giới sắc màu vô cùng ấn tượng.','https://hc.com.vn/i/ecommerce/media/ckeditor_1818252.jpg'),
		('00027225',N'Thiết kế đơn giản, dễ xếp đặt trong nhiều vị trí',N'Loa Soundbar Samsung HW-K350/XV thiết kế với màu đen sang trọng, gồm 1 loa trầm và 1 loa thanh kiểu dáng tinh tế, phù hợp đặt tại nhiều vị trí trong căn phòng, tạo điểm nhấn ấn tượng cho không gian nội thất.','https://hc.com.vn/i/ecommerce/media/ckeditor_1725771.png'),
		('00027225',N'Âm trầm mạnh mẽ ',N'Loa Samsung HW-K350/XV có loa siêu trầm mạnh mẽ tạo âm thanh chân thực đến từng cung bậc thanh âm, đảm bảo chất lượng âm thanh hoàn hảo. ','https://hc.com.vn/i/ecommerce/media/ckeditor_1725772.png'),
		('00033753',N'Thiết kế sang trọng, phong cách tối giản',N'Loa Soundbar Samsung HW-Q60R/XV thiết kế gồm loa siêu trầm hình khối và loa thanh cùng tông màu đen sang trọng, các cạnh góc vuông tinh tế theo phong cách tối giản nhưng vẫn được tích hợp đầy đủ các tính năng hiện đại, phù hợp lắp đặt trong mọi không gian.','https://hc.com.vn/i/ecommerce/media/ckeditor_3282514.jpg'),
		('00033753',N'Chế độ Game Mode tối ưu âm thanh chân thật nhất',N'Chế độ Game Mode trên loa thanh Samsung sẽ tự động tối ưu các thiết lập âm thanh phù hợp với từng cảnh game, đồng thời công nghệ khử nhiễu xuyên âm giúp loại bỏ tạp âm tránh xao nhãng cho người chơi trải nghiệm, nhập vai các nhân vật trong game như thật.','https://hc.com.vn/i/ecommerce/media/ckeditor_3282529.jpg'),
		('00025249',N'Thiết kế nhỏ gọn, hiện đại',N'Loa SoundBar Sony HT-RT3M SP1 thiết kế sang trọng và hiện đại. Kích thước nhỏ gọn cùng kiểu dáng siêu mỏng cao cấp giúp bạn dễ dàng bố trí loa trong mọi không gian như treo tường, bàn TV, kệ tủ… ','https://hc.com.vn/i/ecommerce/media/ckeditor_1730262.png'),
		('00025249',N'Loa Subwoofer không dây',N'Dàn âm thanh soundbar Sony được thiết kế với Loa Subwoofer không dây tiện lợi giúp bạn có thể đặt loa ở bất kì vị trí nào mong muốn để tận hưởng với âm bass mạnh mẽ và vang dội.','https://hc.com.vn/i/ecommerce/media/ckeditor_1730263.jpg'),
		('00013882',N'Thiết kế sang trọng, tinh tế',N'Dàn âm thanh Samsung HW-H551/XV sở hữu thiết kế hiện đại, các đường nét tinh tế tạo điểm thu hút ấn tượng cho không gian nội thất. Loa SoundBar Samsung có kiểu dáng gọn gàng nên bạn có thể xếp đặt loa tại nhiều vị trí, hài hoà với không gian chung.','https://hc.com.vn/i/ecommerce/media/ckeditor_3285258.jpg'),
		('00013882',N'Hệ thống loa Samsung 2.1 kênh cùng công suất loa mạnh mẽ kết hợp cùng loa trầm ấn tượng',N'Hệ thống loa Samsung 2.1 kênh cùng công suất loa 320W sống động. Đi cùng là loa trầm giúp tăng cường hiệu ứng mang đến những sắc trầm mạnh mẽ lan tỏa khắp phòng để mọi nội dung âm thanh thêm hấp dẫn, chân thực, cho bạn thoải mái đắm chìm trong không gian giải trí sống động, giàu âm sắc.','https://hc.com.vn/i/ecommerce/media/ckeditor_3285279.jpg'),
		('AV.001886',N'Thiết kế gọn đẹp, sang trọng',N'Loa Soundbar Sony HT-G700 C SP1 thu hút với thiết kế thanh mảnh, gọn đẹp, các đường nét tinh tế. HT-G700 C SP1 sở hữu gam màu đen trung tính, hài hòa với nhiều phong cách nội thất từ cổ điển đến hiện đại. Vỏ loa cứng cáp, chắc chắn đảm bảo độ bền đẹp cao. Loa thanh kiểu dáng gọn đẹp nên bạn có thể xếp đặt ngay dưới tivi tạo điểm nhấn ấn tượng cho không gian nội thất gia đình.','https://hc.com.vn/i/ecommerce/media/ckeditor_3286689.jpg'),
		('AV.001886',N'Hệ thống loa 3.1 kênh và công suất 400 W cho âm thanh mạnh mẽ, sống động',N'Loa Soundbar Sony sở hữu hệ thống loa 3.1 kênh gồm 1 loa center giúp tái tạo chi tiết các âm thanh chính cho lời thoại hay lời bài hát trong rõ hơn. 2 loa trái, phải hỗ trợ tái tạo các âm thanh nền như giai điệu bài hát hay các hiệu ứng âm thanh trong các bộ phim. Kết hợp cùng công suất loa 400 W tạo chất âm to rõ, mạnh mẽ, hạn chế tối đa hiện tượng méo tiếng giúp bạn cảm nhận trọn vẹn dải âm thanh sống động xung quanh mình.','https://hc.com.vn/i/ecommerce/media/ckeditor_3286697.jpg'),
		('AV.000502',N'Thiết kế không dây, di động tiện lợi',N'Dàn âm thanh Sony GTK-PG10C sở hữu thiết kế không dây với tông màu đen sang trọng, kiểu dáng nhỏ gọn, di động thuận tiện trong việc di chuyển. Hơn nữa, với thời lượng pin sử dụng lâu rất thích hợp cho những hoạt động ngoài trời như dã ngoại, tiệc sinh nhật, cắm trại.','https://hc.com.vn/i/ecommerce/media/ckeditor_3285245.jpg'),
		('AV.000502',N'Chất lượng âm thanh sống động, rõ nét',N'Dù bạn đặt loa ở trong nhà hay ngoài trời thì chất lượng âm thanh của loa vẫn không thay đổi, âm thanh phát ra mạnh mẽ, sống động không làm giảm độ rõ nét. Ngoài ra, loa GTK-PG10C còn được tích hợp bộ xử lý tín hiệu kỹ thuật số (DSP) có thể tự động điều chỉnh cài đặt âm thanh để tối ưu hóa hiệu suất sao cho phù hợp với môi trường bên ngoài. ','https://hc.com.vn/i/ecommerce/media/ckeditor_3285252.jpg'),
		('GS.006369',N'Thiết kế dạng đứng nhỏ gọn, hiện đại, mạnh mẽ',N'Loa LG Xboom ON5.DVNMLLK được thiết kế với kiểu dáng hình trụ, nhỏ gọn phù hợp xếp đặt ở nhiều vị trí. Loa thiết kế màu đen bóng chủ đạo với các cạnh phía trên được bo tròn tạo nét đẹp mạnh mẽ, sang trọng.','https://hc.com.vn/i/ecommerce/media/ckeditor_3305577.jpg'),
		('GS.006369',N'Công suất 300 W cùng công nghệ Super Bass Boost cho âm thanh sống động, âm trầm mạnh mẽ',N'Loa LG Xboom ON5 có công suất 300W cho âm thanh lớn lan tỏa khắp không gian, mang đến cho bạn trải nghiệm âm nhạc sôi động.','https://hc.com.vn/i/ecommerce/media/ckeditor_3305638.jpg');



insert into ThongSo(SanPhamMasp,ThongSo,GiaTriTS)
	values('AV.001708',N'Bảo hành',N'2 năm'),
		('AV.001708',N'Loại Tivi',N'Smart Tivi'),
		('AV.001708',N'Kích thước màn hình',N'55"'),
		('AV.001708',N'Khoảng kích thước màn hình',N'Từ 55 - 64 inch'),
		('AV.001708',N'Công nghệ màn hình',N'NANOCELL'),
		('AV.001708',N'Độ phân giải',N'Ultra HD 8K (7680 x 4320 Pixel)'),
		('AV.001708',N'Năm ra mắt',N'2020'),
		('AV.002410',N'Xuất xứ',N'Indonesia'),
		('AV.002410',N'Bảo hành',N'2 năm'),
		('AV.002410',N'Loại Tivi',N'Smart Tivi'),
		('AV.002410',N'Kích thước màn hình',N'75"'),
		('AV.002410',N'Khoảng kích thước màn hình',N'75 inch trở lên'),
		('AV.002410',N'Công nghệ màn hình',N'NANOCELL'),
		('AV.002410',N'Độ phân giải',N'Ultra HD 8K (7680 x 4320 Pixel)'),
		('AV.002410',N'Bluetooth',N'Có (kết nối loa bluetooth)'),
		('AV.002410',N'Cổng LAN',N'Có'),
		('AV.002410',N'Wifi',N'Có'),
		('AV.000901',N'Xuất xứ',N'Việt Nam'),
		('AV.000901',N'Bảo hành',N'2 năm'),
		('AV.000901',N'Loại Tivi',N'Smart Tivi'),
		('AV.000901',N'Kích thước màn hình',N'75"'),
		('AV.000901',N'Khoảng kích thước màn hình',N'75 inch trở lên'),
		('AV.000901',N'Công nghệ màn hình',N'Qled'),
		('AV.000901',N'Độ phân giải',N'Ultra HD 8K (7680 x 4320 Pixel)'),
		('AV.000901',N'Bluetooth',N'Có'),
		('AV.000901',N'Cổng LAN',N'Có'),
		('AV.000901',N'Wifi',N'Có'),
		('00033679',N'Xuất xứ',N'Việt Nam'),
		('00033679',N'Bảo hành',N'2 năm'),
		('00033679',N'Loại Tivi',N'Smart Tivi'),
		('00033679',N'Kích thước màn hình',N'75"'),
		('00033679',N'Khoảng kích thước màn hình',N'75 inch trở lên'),
		('00033679',N'Công nghệ màn hình',N'Qled'),
		('00033679',N'Độ phân giải',N'Ultra HD 8K (7680 x 4320 Pixel)'),
		('00033679',N'Bluetooth',N'Có'),
		('00033679',N'Cổng LAN',N'Có'),
		('00033679',N'Wifi',N'Có'),
		('00033682',N'Xuất xứ',N'Việt Nam'),
		('00033682',N'Bảo hành',N'2 năm'),
		('00033682',N'Loại Tivi',N'Smart Tivi'),
		('00033682',N'Kích thước màn hình',N'82"'),
		('00033682',N'Khoảng kích thước màn hình',N'75 inch trở lên'),
		('00033682',N'Công nghệ màn hình',N'Qled'),
		('00033682',N'Độ phân giải',N'Ultra HD 8K (7680 x 4320 Pixel)'),
		('00033682',N'Bluetooth',N'Có'),
		('00033682',N'Cổng LAN',N'Có'),
		('00033682',N'Wifi',N'Có'),
		('AV.000910',N'Xuất xứ',N'Việt Nam'),
		('AV.000910',N'Bảo hành',N'2 năm'),
		('AV.000910',N'Loại Tivi',N'Smart Tivi'),
		('AV.000910',N'Kích thước màn hình',N'75"'),
		('AV.000910',N'Khoảng kích thước màn hình',N'75 inch trở lên'),
		('AV.000910',N'Công nghệ màn hình',N'Qled'),
		('AV.000910',N'Độ phân giải',N'Ultra HD 8K (7680 x 4320 Pixel)'),
		('AV.000910',N'Bluetooth',N'Có'),
		('AV.000910',N'Cổng LAN',N'Có'),
		('AV.000910',N'Wifi',N'Có'),
		('AV.001456',N'Xuất xứ',N'Indonesia'),
		('AV.001456',N'Bảo hành',N'2 năm'),
		('AV.001456',N'Loại Tivi',N'Smart Tivi'),
		('AV.001456',N'Kích thước màn hình',N'75"'),
		('AV.001456',N'Khoảng kích thước màn hình',N'75 inch trở lên'),
		('AV.001456',N'Công nghệ màn hình',N'NANOCELL'),
		('AV.001456',N'Độ phân giải',N'Ultra HD 8K (7680 x 4320 Pixel)'),
		('AV.001456',N'Bluetooth',N'Có (kết nối loa bluetooth)'),
		('AV.001456',N'Cổng LAN',N'Có'),
		('AV.001456',N'Wifi',N'Có'),
		('AV.001459',N'Xuất xứ',N'Indonesia'),
		('AV.001459',N'Bảo hành',N'2 năm'),
		('AV.001459',N'Loại Tivi',N'Smart Tivi'),
		('AV.001459',N'Kích thước màn hình',N'65"'),
		('AV.001459',N'Khoảng kích thước màn hình',N'từ 65 đến 74 Inch'),
		('AV.001459',N'Công nghệ màn hình',N'NANOCELL'),
		('AV.001459',N'Độ phân giải',N'Ultra HD 8K (7680 x 4320 Pixel)'),
		('AV.001459',N'Bluetooth',N'Có (kết nối loa bluetooth)'),
		('AV.001459',N'Cổng LAN',N'Có'),
		('AV.001459',N'Wifi',N'Có'),
		('AV.002411',N'Xuất xứ',N'Indonesia'),
		('AV.002411',N'Bảo hành',N'2 năm'),
		('AV.002411',N'Loại Tivi',N'Smart Tivi'),
		('AV.002411',N'Kích thước màn hình',N'65"'),
		('AV.002411',N'Khoảng kích thước màn hình',N'từ 65 đến 74 Inch'),
		('AV.002411',N'Công nghệ màn hình',N'NANOCELL'),
		('AV.002411',N'Độ phân giải',N'Ultra HD 8K (7680 x 4320 Pixel)'),
		('AV.002411',N'Bluetooth',N'Có (kết nối loa bluetooth)'),
		('AV.002411',N'Cổng LAN',N'Có'),
		('AV.002411',N'Wifi',N'Có'),
		('AV.001206',N'Xuất xứ',N'Nhật bản'),
		('AV.001206',N'Bảo hành',N'2 năm'),
		('AV.001206',N'Loại Tivi',N'Smart Tivi'),
		('AV.001206',N'Kích thước màn hình',N'85"'),
		('AV.001206',N'Khoảng kích thước màn hình',N'75 Inch trở lên'),
		('AV.001206',N'Công nghệ màn hình',N'LED'),
		('AV.001206',N'Độ phân giải',N'Ultra HD 8K (7680 x 4320 Pixel)'),
		('AV.001206',N'Bluetooth',N'Có'),
		('AV.001206',N'Cổng LAN',N'Có'),
		('AV.001206',N'Wifi',N'Có'),
		('AV.001420',N'Xuất xứ',N'Indonesia'),
		('AV.001420',N'Bảo hành',N'2 năm'),
		('AV.001420',N'Loại Tivi',N'Smart Tivi'),
		('AV.001420',N'Kích thước màn hình',N'77"'),
		('AV.001420',N'Khoảng kích thước màn hình',N'75 Inch trở lên'),
		('AV.001420',N'Công nghệ màn hình',N'QLED'),
		('AV.001420',N'Độ phân giải',N'Ultra HD 8K (7680 x 4320 Pixel)'),
		('AV.001420',N'Bluetooth',N'Có'),
		('AV.001420',N'Cổng LAN',N'Có'),
		('AV.001420',N'Wifi',N'Có'),
		('AV.002221',N'Xuất xứ',N'Việt Nam'),
		('AV.002221',N'Bảo hành',N'2 năm'),
		('AV.002221',N'Loại Tivi',N'Smart Tivi'),
		('AV.002221',N'Kích thước màn hình',N'65"'),
		('AV.002221',N'Khoảng kích thước màn hình',N'Từ 65 đến 74 inch'),
		('AV.002221',N'Công nghệ màn hình',N'NEO QLED'),
		('AV.002221',N'Độ phân giải',N'Ultra HD 8K (7680 x 4320 Pixel)'),
		('AV.002221',N'Bluetooth',N'Có'),
		('AV.002221',N'Wifi',N'Có'),
		('AV.002224',N'Xuất xứ',N'Việt Nam'),
		('AV.002224',N'Bảo hành',N'2 năm'),
		('AV.002224',N'Loại Tivi',N'Smart Tivi'),
		('AV.002224',N'Kích thước màn hình',N'65"'),
		('AV.002224',N'Khoảng kích thước màn hình',N'Từ 65 đến 74 inch'),
		('AV.002224',N'Công nghệ màn hình',N'NEO QLED'),
		('AV.002224',N'Độ phân giải',N'Ultra HD 8K (7680 x 4320 Pixel)'),
		('AV.002224',N'Bluetooth',N'Có'),
		('AV.002224',N'Wifi',N'Có'),
		('00033675',N'Xuất xứ',N'Việt Nam'),
		('00033675',N'Bảo hành',N'2 năm'),
		('00033675',N'Loại Tivi',N'Smart Tivi'),
		('00033675',N'Kích thước màn hình',N'65"'),
		('00033675',N'Khoảng kích thước màn hình',N'Từ 65 đến 74 inch'),
		('00033675',N'Công nghệ màn hình',N'NEO QLED'),
		('00033675',N'Độ phân giải',N'Ultra HD 8K (7680 x 4320 Pixel)'),
		('00033675',N'Bluetooth',N'Có'),
		('00033675',N'Wifi',N'Có'),
		('AV.000544',N'Xuất xứ',N'Việt Nam'),
		('AV.000544',N'Bảo hành',N'2 năm'),
		('AV.000544',N'Loại Tivi',N'Smart Tivi'),
		('AV.000544',N'Kích thước màn hình',N'55"'),
		('AV.000544',N'Khoảng kích thước màn hình',N'Từ 55 đến 64 inch'),
		('AV.000544',N'Công nghệ màn hình',N'QLED'),
		('AV.000544',N'Độ phân giải',N'Ultra HD 8K (7680 x 4320 Pixel)'),
		('AV.000544',N'Bluetooth',N'Có'),
		('AV.000544',N'Cổng LAN',N'Có'),
		('AV.000544',N'Wifi',N'Có'),
		('AV.000898',N'Xuất xứ',N'Việt Nam'),
		('AV.000898',N'Bảo hành',N'2 năm'),
		('AV.000898',N'Loại Tivi',N'Smart Tivi'),
		('AV.000898',N'Kích thước màn hình',N'85"'),
		('AV.000898',N'Khoảng kích thước màn hình',N'75 INCH trở lên'),
		('AV.000898',N'Công nghệ màn hình',N'QLED'),
		('AV.000898',N'Độ phân giải',N'Ultra HD 8K (7680 x 4320 Pixel)'),
		('AV.000898',N'Bluetooth',N'Có'),
		('AV.000898',N'Cổng LAN',N'Có'),
		('AV.000898',N'Wifi',N'Có'),
		('00030980',N'Xuất xứ',N'Malaysia'),
		('00030980',N'Bảo hành',N'2 năm'),
		('00030980',N'Loại Tivi',N'Smart Tivi'),
		('00030980',N'Kích thước màn hình',N'50"'),
		('00030980',N'Khoảng kích thước màn hình',N'Từ 44- 55 inch'),
		('00030980',N'Công nghệ màn hình',N'LED'),
		('00030980',N'Độ phân giải',N'Ultra HD 4K (3840 x 2160 Pixel)'),
		('00030980',N'Bluetooth',N'Có'),
		('00030980',N'Cổng LAN',N'Có'),
		('00030980',N'Wifi',N'Có'),
		('00031454',N'Xuất xứ',N'Malaysia'),
		('00031454',N'Bảo hành',N'2 năm'),
		('00031454',N'Loại Tivi',N'Smart Tivi'),
		('00031454',N'Kích thước màn hình',N'60"'),
		('00031454',N'Khoảng kích thước màn hình',N'Từ 55- 64 inch'),
		('00031454',N'Công nghệ màn hình',N'LED'),
		('00031454',N'Độ phân giải',N'Ultra HD 4K (3840 x 2160 Pixel)'),
		('00031454',N'Bluetooth',N'Không'),
		('00031454',N'Cổng LAN',N'Có'),
		('00031454',N'Wifi',N'Có'),
		('00030375',N'Xuất xứ',N'Malaysia'),
		('00030375',N'Bảo hành',N'2 năm'),
		('00030375',N'Loại Tivi',N'Smart Tivi'),
		('00030375',N'Kích thước màn hình',N'75"'),
		('00030375',N'Khoảng kích thước màn hình',N'75 Inch trở lên'),
		('00030375',N'Công nghệ màn hình',N'LED'),
		('00030375',N'Độ phân giải',N'Ultra HD 4K (3840 x 2160 Pixel)'),
		('00030375',N'Bluetooth',N'Có'),
		('00030375',N'Cổng LAN',N'Có'),
		('00030375',N'Wifi',N'Có'),
		('00030379',N'Xuất xứ',N'Malaysia'),
		('00030379',N'Bảo hành',N'2 năm'),
		('00030379',N'Loại Tivi',N'Smart Tivi'),
		('00030379',N'Kích thước màn hình',N'65"'),
		('00030379',N'Khoảng kích thước màn hình',N'Từ 65 0 74 Inch'),
		('00030379',N'Công nghệ màn hình',N'OLED'),
		('00030379',N'Độ phân giải',N'Ultra HD 4K (3840 x 2160 Pixel)'),
		('00030379',N'Bluetooth',N'Có'),
		('00030379',N'Cổng LAN',N'Có'),
		('00030379',N'Wifi',N'Có'),
		('00031468',N'Xuất xứ',N'Việt Nam'),
		('00031468',N'Bảo hành',N'2 năm'),
		('00031468',N'Loại Tivi',N'Smart Tivi'),
		('00031468',N'Kích thước màn hình',N'50"'),
		('00031468',N'Khoảng kích thước màn hình',N'Từ 44 - 54 Inch'),
		('00031468',N'Công nghệ màn hình',N'LED'),
		('00031468',N'Độ phân giải',N'Ultra HD 4K (3840 x 2160 Pixel)'),
		('00031468',N'Bluetooth',N'Có'),
		('00031468',N'Cổng LAN',N'Có'),
		('00031468',N'Wifi',N'Có'),
		('00028056',N'Xuất xứ',N'Việt Nam'),
		('00028056',N'Bảo hành',N'2 năm'),
		('00028056',N'Loại Tivi',N'Smart Tivi'),
		('00028056',N'Kích thước màn hình',N'49"'),
		('00028056',N'Khoảng kích thước màn hình',N'Từ 44 - 54 Inch'),
		('00028056',N'Tivi 3D',N'Không'),
		('00028056',N'Độ phân giải',N'Chuẩn 4k'),
		('00028056',N'Bluetooth',N'Không'),
		('00028056',N'Cổng LAN',N'Có'),
		('00028056',N'Wifi',N'Có'),
		('00028073',N'Xuất xứ',N'Malaysia'),
		('00028073',N'Bảo hành',N'2 năm'),
		('00028073',N'Loại Tivi',N'Smart Tivi'),
		('00028073',N'Kích thước màn hình',N'60"'),
		('00028073',N'Khoảng kích thước màn hình',N'Từ 55 - 64 Inch'),
		('00028073',N'Công nghệ màn hình',N'LED'),
		('00028073',N'Độ phân giải',N'Ultra HD 4K (3840 x 2160 Pixel)'),
		('00028073',N'Bluetooth',N'Không'),
		('00028073',N'Cổng AV',N'Có cổng Composite và cổng Component'),
		('00028073',N'Wifi',N'Có'),
		('00027312',N'Xuất xứ',N'Việt Nam'),
		('00027312',N'Bảo hành',N'2 năm'),
		('00027312',N'Loại Tivi',N'Smart Tivi'),
		('00027312',N'Kích thước màn hình',N'75"'),
		('00027312',N'Khoảng kích thước màn hình',N'75 inch trở lên'),
		('00027312',N'Công nghệ màn hình',N'QLED'),
		('00027312',N'Độ phân giải',N'Ultra HD 4K (3840 x 2160 Pixel)'),
		('00027312',N'Bluetooth',N'Có'),
		('00027312',N'Cổng LAN',N'Có'),
		('00027312',N'Wifi',N'Có'),
		('AV.002405',N'Xuất xứ',N'Malaysia'),
		('AV.002405',N'Bảo hành',N'2 năm'),
		('AV.002405',N'Loại Tivi',N'Smart Tivi'),
		('AV.002405',N'Kích thước màn hình',N'65"'),
		('AV.002405',N'Khoảng kích thước màn hình',N'Từ 65 đến 74 inch'),
		('AV.002405',N'Công nghệ màn hình',N'OLED'),
		('AV.002405',N'Độ phân giải',N'Ultra HD 4K (3840 x 2160 Pixel)'),
		('AV.002405',N'Bluetooth',N'Có'),
		('AV.002405',N'Cổng LAN',N'Có'),
		('AV.002405',N'Wifi',N'Có'),
		('00028814',N'Xuất xứ',N'Việt Nam'),
		('00028814',N'Bảo hành',N'2 năm'),
		('00028814',N'Loại Tivi',N'Smart Tivi'),
		('00028814',N'Kích thước màn hình',N'77"'),
		('00028814',N'Khoảng kích thước màn hình',N'75 inch trở lên'),
		('00028814',N'Công nghệ màn hình',N'OLED'),
		('00028814',N'Độ phân giải',N'Ultra HD 4K (3840 x 2160 Pixel)'),
		('00028814',N'Bluetooth',N'Có'),
		('00028814',N'Cổng LAN',N'Có'),
		('00028814',N'Wifi',N'Có'),
		('AV.002402',N'Xuất xứ',N'Indonesia'),
		('AV.002402',N'Bảo hành',N'2 năm'),
		('AV.002402',N'Loại Tivi',N'Smart Tivi'),
		('AV.002402',N'Kích thước màn hình',N'55"'),
		('AV.002402',N'Khoảng kích thước màn hình',N'Từ 55 inch đến 64 inch'),
		('AV.002402',N'Công nghệ màn hình',N'OLED'),
		('AV.002402',N'Độ phân giải',N'Ultra HD 4K (3840 x 2160 Pixel)'),
		('AV.002402',N'Bluetooth',N'Có'),
		('AV.002402',N'Cổng LAN',N'Có'),
		('AV.002402',N'Wifi',N'Có'),
		('AV.002400',N'Xuất xứ',N'Indonesia'),
		('AV.002400',N'Bảo hành',N'2 năm'),
		('AV.002400',N'Loại Tivi',N'Smart Tivi'),
		('AV.002400',N'Kích thước màn hình',N'48"'),
		('AV.002400',N'Khoảng kích thước màn hình',N'Từ 44 - 54 INCH'),
		('AV.002400',N'Công nghệ màn hình',N'OLED'),
		('AV.002400',N'Độ phân giải',N'Ultra HD 4K (3840 x 2160 Pixel)'),
		('AV.002400',N'Bluetooth',N'Có'),
		('AV.002400',N'Cổng LAN',N'Có'),
		('AV.002400',N'Wifi',N'Có'),
		('AV.002200',N'Xuất xứ',N'Indonesia'),
		('AV.002200',N'Bảo hành',N'2 năm'),
		('AV.002200',N'Loại Tivi',N'Smart Tivi'),
		('AV.002200',N'Kích thước màn hình',N'48"'),
		('AV.002200',N'Khoảng kích thước màn hình',N'Từ 44 - 54 INCH'),
		('AV.002200',N'Công nghệ màn hình',N'OLED'),
		('AV.002200',N'Độ phân giải',N'Ultra HD 4K (3840 x 2160 Pixel)'),
		('AV.002200',N'Bluetooth',N'Có'),
		('AV.002200',N'Cổng LAN',N'Có'),
		('AV.002200',N'Wifi',N'Có'),
		('AV.002200',N'Wifi',N'Có'),
		('AV.002233',N'Xuất xứ',N'Việt Nam'),
		('AV.002233',N'Bảo hành',N'2 năm'),
		('AV.002233',N'Loại Tivi',N'Smart Tivi'),
		('AV.002233',N'Kích thước màn hình',N'85"'),
		('AV.002233',N'Khoảng kích thước màn hình',N'75 inch trở lên'),
		('AV.002233',N'Công nghệ màn hình',N'NEO LED'),
		('AV.002233',N'Độ phân giải',N'Ultra HD 8K (7680 x 4320 Pixel)'),
		('AV.002233',N'Bluetooth',N'Có'),
		('AV.002233',N'Wifi',N'Có'),
		('00030567',N'Xuất xứ',N'Việt Nam'),
		('00030567',N'Bảo hành',N'2 năm'),
		('00030567',N'Loại Tivi',N'Smart Tivi'),
		('00030567',N'Kích thước màn hình',N'75"'),
		('00030567',N'Khoảng kích thước màn hình',N'75 inch trở lên'),
		('00030567',N'Công nghệ màn hình',N'NEO LED'),
		('00030567',N'Độ phân giải',N'Ultra HD 4K (3840 x 2160 Pixel)'),
		('00030567',N'Bluetooth',N'Có'),
		('00030567',N'Wifi',N'Có'),
		('00026859',N'Xuất xứ',N'Việt Nam'),
		('00026859',N'Bảo hành',N'2 năm'),
		('00026859',N'Loại Tivi',N'Smart Tivi'),
		('00026859',N'Kích thước màn hình',N'55"'),
		('00026859',N'Khoảng kích thước màn hình',N'Từ 55 inch - 64 inch'),
		('00026859',N'Công nghệ màn hình',N'QLED'),
		('00026859',N'Độ phân giải',N'Ultra HD 4K (3840 x 2160 Pixel)'),
		('00026859',N'Bluetooth',N'Có'),
		('00026859',N'Wifi',N'Có'),
		('00027225',N'Xuất xứ',N'Trung Quốc'),
		('00027225',N'Bảo hành',N'12 tháng'),
		('00027225',N'Loại loa',N'Sound bar'),
		('00027225',N'Tổng công suất',N'150 W'),
		('00027225',N'Thời gian sử dụng',N'Cắm điện dùng, không có pin'),
		('00027225',N'Công nghệ âm thanh',N'Dolby Digital, DTS Digital Surround'),
		('00027225',N'Tiện ích',N'Có kèm remote'),
		('00027225',N'Kết nối không dây',N'Bluetooth'),
		('00027225',N'Kết nối khác',N'Optical, Jack 3.5 mm, USB'),
		('00027225',N'Loa chính',N'Dài 90.75 cm - Cao 5.2 cm - Sâu 6.9 cm - nặng 1.5 kg'),
		('00033753',N'Xuất xứ',N'Trung Quốc'),
		('00033753',N'Bảo hành',N'12 tháng'),
		('00033753',N'Loại loa',N'Sound bar'),
		('00033753',N'Tổng công suất',N'360 W'),
		('00033753',N'Thời gian sử dụng',N'Cắm điện dùng, không có pin'),
		('00033753',N'Công nghệ âm thanh',N'Dolby Digital, DTS Digital Surround'),
		('00033753',N'Tiện ích',N'Có kèm remote'),
		('00033753',N'Kết nối không dây',N'Bluetooth 2.1, Loa sub kết nối không dây với loa thanh'),
		('00033753',N'Kết nối khác',N'HDMI ARC (cắm tivi), HDMI, Optical, Jack 3.5 mm'),
		('00033753',N'Loa chính',N'Dài 90.75 cm - Cao 5.2 cm - Sâu 6.9 cm - nặng 1.5 kg'),
		('00025249',N'Xuất xứ',N'Malaysia'),
		('00025249',N'Bảo hành',N'12 tháng'),
		('00025249',N'Loại loa',N'Sound bar'),
		('00025249',N'Tổng công suất',N'600 W'),
		('00025249',N'Thời gian sử dụng',N'Cắm điện dùng, không có pin'),
		('00025249',N'Công nghệ âm thanh',N'S-Master Digital Amplifier, ClearAudio +'),
		('00025249',N'Tiện ích',N'Có kèm remote, Màn hình hiển thị'),
		('00025249',N'Kết nối không dây',N'NFC, Bluetooth'),
		('00025249',N'Kết nối khác',N'HDMI ARC (cắm tivi), Optical, Jack 3.5 mm, USB'),
		('00025249',N'Loa chính',N'Cao 5.2 cm - Ngang 90 cm - Sâu 7 cm - Nặng 2.1 Kg'),
		('AV.001886',N'Xuất xứ',N'Trung Quốc'),
		('AV.001886',N'Bảo hành',N'2 năm'),
		('AV.001886',N'Loại loa',N'Sound bar'),
		('AV.001886',N'Tổng công suất',N'400 W'),
		('AV.001886',N'Công nghệ âm thanh',N'DTS Virtual:X, Dolby Atmos, S-Force PRO Front Surround'),
		('AV.001886',N'Tiện ích',N'Có kèm remote, Màn hình hiển thị'),
		('AV.001886',N'Kết nối không dây',N'Bluetooth'),
		('AV.001886',N'Kết nối khác',N'HDMI, USB'),
		('AV.001886',N'Loa chính',N'Dài 98 cm - Rộng 10.8cm - Cao 6.4cm - Nặng 3.5 kg'),
		('AV.000502',N'Xuất xứ',N'Trung Quốc'),
		('AV.000502',N'Bảo hành',N'12 Tháng'),
		('AV.000502',N'Loại loa',N'Dàn âm thanh'),
		('AV.000502',N'Kết Nối có dây',N'Bluetooth'),
		('AV.000502',N'Kết nối khác',N'USB'),
		('AV.000502',N'Tiện ích',N'Hỗ trợ sạc hoặc chơi nhac qua cổng USB Trở thành ngôi sao mọi lúc mọi nơi, tùy biến âm lượng Mic, pitch và echo dễ dàng.'),
		('GS.006369',N'Xuất xứ',N'Trung Quốc'),
		('GS.006369',N'Bảo hành',N'12 Tháng'),
		('GS.006369',N'Loại loa',N'Lao kéo'),
		('GS.006369',N'Kết Nối',N'Bluetooth, Cổng Guitar, Jack Micro,'),
		('GS.006369',N'Kết nối khác',N'USB'),
		('GS.006369',N'Tiện ích',N'Bàn DJ hiệu chỉnh nhạc, Có thể hát Karaoke, Có kèm remote, Kết nối loa với TV, Nghe được FM Radio');