create table SanPham (
	Masp char(100) primary key,
	Tensp Nvarchar(255) not null,
	LoaiSp Nvarchar(255) not null,
	ThuongHieu varchar(255) not null,
	Gia decimal(12,4) check (Gia>=0),
	SoLuong int check (SoLuong >=0),
	TrangThai Nvarchar(255),
);

create table HinhAnh (
	SanPhamMasp char(100) foreign key references SanPham(Masp),
	Hinh1 varchar(255),
	Hinh2 varchar(255),
	Hinh3 varchar(255),
	Hinh4 varchar(255),
	Hinh5 varchar(255),
	Hinh6 varchar(255),
);

create table MoTa (
	SanPhamMaSP char(100) foreign key references SanPham (Masp),
	TieuDe Nvarchar(255),
	Mota Ntext,
	HinhAnh varchar(255),
);

create table ThongSo (
	SanPhamMasp char(100) foreign key references SanPham(Masp),
	ThongSo Nvarchar(255) not null,
	GiaTriTS Nvarchar(255) not null,
);

insert into SanPham 
	values('00029913',N'Tủ lạnh Electrolux 85 lít EUM0900SA',N'Tủ lạnh Mini','Electrolux','2990000',4,''),
		('DL.002009',N'Tủ lạnh Aqua 90 lít AQR-D99FA BS',N'Tủ lạnh Mini','Aqua','2790000',10,''),
		('DL.002006',N'Tủ lạnh Aqua 50 lít AQR-D59FA BS',N'Tủ lạnh Mini','Aqua','2590000',14,''),
		('00030532',N'Tủ lạnh Electrolux 46 lít EUM0500SA/SB',N'Tủ lạnh Mini','Electrolux','1690000',8,''),
		('DL.002387',N'Tủ lạnh Samsung Inverter 300 lít RT29K5532BU/SV',N'Tủ lạnh 2 cửa','Samsung','9490000',9,''),
		('DL.004018',N'Tủ lạnh Panasonic Inverter 380 lít NR-BX421WGKV',N'Tủ lạnh 2 cửa','Panasonic','18590000',19,''),
		('00034288',N'Tủ lạnh Toshiba Inverter 253 lít GR-B31VU(UKG)',N'Tủ lạnh 2 cửa','Toshiba','7390000',10,''),
		('DL.002458',N'Tủ lạnh LG Inverter 209 lít GN-B222WB',N'Tủ lạnh 2 cửa','Lg','5390000',10,''),
		('DL.003538',N'Tủ lạnh Hitachi Inverter 390 lít R-FVY510PGV0(GMG)',N'Tủ lạnh 2 cửa','Hitachi','16990000',10,''),
		('DL.004262',N'Tủ lạnh Electrolux Inverter 253 lít EBB2802K-H',N'Tủ lạnh 2 cửa','Electrolux','7990000',12,''),
		('DL.004275',N'Tủ lạnh Electrolux Inverter 335 lít EBB3702K-H',N'Tủ lạnh 2 cửa','Electrolux','11990000',15,''),
		('DL.002384',N'Tủ lạnh Samsung Inverter 319 lít RT32K5932BU/SV',N'Tủ lạnh 2 cửa','Samsung','10990000',20,''),
		('DL.001872',N'Tủ lạnh Panasonic Inverter 255 lít NR-BV280WKVN',N'Tủ lạnh 2 cửa','Panasonic','12990000',20,''),
		('DL.000646',N'Tủ lạnh Panasonic Inverter 255 lít NR-BV280QSVN',N'Tủ lạnh 2 cửa','Panasonic','10990000',20,''),
		('DL.004204',N'Tủ lạnh Sharp Inverter 520 lít SJ-FXP600VG-BK',N'Tủ lạnh 3 - 4 cửa','Sharp','24990000',20,''),
		('DL.004331',N'Tủ lạnh Panasonic Inverter 550 lít NR-DZ601VGKV',N'Tủ lạnh 3 - 4 cửa','Panasonic','35090000',50,''),
		('DL.004239',N'Tủ lạnh Samsung Inverter 488 lít RF48A4010B4/SV',N'Tủ lạnh 3 - 4 cửa','Samsung','19990000',10,''),
		('DL.000782',N'Tủ lạnh Aqua Inverter 456 lít AQR-IGW525EM(GB)',N'Tủ lạnh 3 - 4 cửa','Aqua','21990000',10,''),
		('DL.000638',N'Tủ lạnh Mitsubishi Inverter 365 lít MR-CGX46EN-GBR-V',N'Tủ lạnh 3 - 4 cửa','Mitsubishi','18990000',15,''),
		('DL.003635',N'Tủ lạnh Aqua Inverter 549 lít AQR-IG636FM(GB)',N'Tủ lạnh 3 - 4 cửa','Aqua','23990000',10,''),
		('00032699',N'Tủ lạnh Panasonic Inverter 491 lít NR-F503GT-T2',N'Tủ lạnh 5 cửa trở lên','Panasonic','568890000',10,''),




INSERT INTO HinhAnh
	VALUES('00029913','https://hc.com.vn/i/ecommerce/media/00029913_FEATURE_52755.jpg','https://hc.com.vn/i/ecommerce/media/00029913_FEATURE_52756.jpg','https://hc.com.vn/i/ecommerce/media/00029913_FEATURE_52757.jpg','https://hc.com.vn/i/ecommerce/media/00029913_FEATURE_52758.jpg','https://hc.com.vn/i/ecommerce/media/00029913_FEATURE_52759.jpg','https://hc.com.vn/i/ecommerce/media/00029913_FEATURE_52760.jpg'),
		('DL.002009','https://hc.com.vn/i/ecommerce/media/DL.002009_FEATURE_66711.jpg','https://hc.com.vn/i/ecommerce/media/DL.002009_FEATURE_66712.jpg','https://hc.com.vn/i/ecommerce/media/DL.002009_FEATURE_66713.jpg','https://hc.com.vn/i/ecommerce/media/DL.002009_FEATURE_66714.jpg','https://hc.com.vn/i/ecommerce/media/DL.002009_FEATURE_77115.jpg','https://hc.com.vn/i/ecommerce/media/DL.002009_FEATURE_77116.jpg'),
		('DL.002006','https://hc.com.vn/i/ecommerce/media/DL.002006_FEATURE_57393.jpg','https://hc.com.vn/i/ecommerce/media/DL.002006_FEATURE_57394.jpg','https://hc.com.vn/i/ecommerce/media/DL.002006_FEATURE_57395.jpg','','',''),
		('00030532','https://hc.com.vn/i/ecommerce/media/00030532_FEATURE_32579.jpg','https://hc.com.vn/i/ecommerce/media/00030532_FEATURE_52748.jpg','https://hc.com.vn/i/ecommerce/media/00030532_FEATURE_52749.jpg','https://hc.com.vn/i/ecommerce/media/00030532_FEATURE_52750.jpg','',''),
		('DL.002387','https://hc.com.vn/i/ecommerce/media/DL.002387_FEATURE_64884.png','https://hc.com.vn/i/ecommerce/media/DL.002387_FEATURE_64887.png','https://hc.com.vn/i/ecommerce/media/DL.002387_FEATURE_64888.png','https://hc.com.vn/i/ecommerce/media/DL.002387_FEATURE_64971.png','https://hc.com.vn/i/ecommerce/media/DL.002387_FEATURE_64972.png',''),
		('DL.004018','https://hc.com.vn/i/ecommerce/media/DL.004018_FEATURE_83314.png','https://hc.com.vn/i/ecommerce/media/DL.004018_FEATURE_83315.png','https://hc.com.vn/i/ecommerce/media/DL.004018_FEATURE_83316.png','https://hc.com.vn/i/ecommerce/media/DL.004018_FEATURE_83317.png','',''),
		('00034288','https://hc.com.vn/i/ecommerce/media/00034288_FEATURE_66528.jpg','https://hc.com.vn/i/ecommerce/media/00034288_FEATURE_54483.jpg','https://hc.com.vn/i/ecommerce/media/00034288_FEATURE_54484.jpg','https://hc.com.vn/i/ecommerce/media/00034288_FEATURE_54485.jpg','https://hc.com.vn/i/ecommerce/media/00034288_FEATURE_54486.jpg','https://hc.com.vn/i/ecommerce/media/00034288_FEATURE_54487.jpg'),
		('DL.002458','https://hc.com.vn/i/ecommerce/media/DL.002458_FEATURE_64862.jpg','https://hc.com.vn/i/ecommerce/media/DL.002458_FEATURE_64865.jpg','https://hc.com.vn/i/ecommerce/media/DL.002458_FEATURE_64866.jpg','https://hc.com.vn/i/ecommerce/media/DL.002458_FEATURE_64969.jpg','https://hc.com.vn/i/ecommerce/media/DL.002458_FEATURE_64970.jpg','https://hc.com.vn/i/ecommerce/media/DL.002458_FEATURE_64867.jpg'),
		('DL.003538','https://hc.com.vn/i/ecommerce/media/DL.003538_FEATURE_74271.jpg','https://hc.com.vn/i/ecommerce/media/DL.003538_FEATURE_74272.jpg','https://hc.com.vn/i/ecommerce/media/DL.003538_FEATURE_74273.jpg','https://hc.com.vn/i/ecommerce/media/DL.003538_FEATURE_74274.jpg','https://hc.com.vn/i/ecommerce/media/DL.003538_FEATURE_74275.jpg',''),
		('DL.004262','https://hc.com.vn/i/ecommerce/media/DL.004262_FEATURE_81261.jpg','https://hc.com.vn/i/ecommerce/media/DL.004262_FEATURE_81262.jpg','https://hc.com.vn/i/ecommerce/media/DL.004262_FEATURE_81264.jpg','https://hc.com.vn/i/ecommerce/media/DL.004262_FEATURE_81265.jpg','',''),
		('DL.004275','https://hc.com.vn/i/ecommerce/media/DL.004275_FEATURE_81190.jpg','https://hc.com.vn/i/ecommerce/media/DL.004275_FEATURE_81191.jpg','https://hc.com.vn/i/ecommerce/media/DL.004275_FEATURE_81192.jpg','https://hc.com.vn/i/ecommerce/media/DL.004275_FEATURE_81193.jpg','',''),
		('DL.002384','https://hc.com.vn/i/ecommerce/media/DL.002384_FEATURE_64410.jpg','https://hc.com.vn/i/ecommerce/media/DL.002384_FEATURE_64411.jpg','https://hc.com.vn/i/ecommerce/media/DL.002384_FEATURE_64412.jpg','https://hc.com.vn/i/ecommerce/media/DL.002384_FEATURE_64413.jpg','https://hc.com.vn/i/ecommerce/media/DL.002384_FEATURE_64414.jpg','https://hc.com.vn/i/ecommerce/media/DL.002384_FEATURE_64415.jpg'),
		('DL.001872','https://hc.com.vn/i/ecommerce/media/DL.001872_FEATURE_57400.jpg','https://hc.com.vn/i/ecommerce/media/DL.001872_FEATURE_57401.jpg','https://hc.com.vn/i/ecommerce/media/DL.001872_FEATURE_62297.png','https://hc.com.vn/i/ecommerce/media/DL.001872_FEATURE_62296.png','https://hc.com.vn/i/ecommerce/media/DL.001872_FEATURE_62298.png','https://hc.com.vn/i/ecommerce/media/DL.001872_FEATURE_62299.png'),
		('DL.000646','https://hc.com.vn/i/ecommerce/media/DL.000646_FEATURE_42063.jpg','https://hc.com.vn/i/ecommerce/media/DL.000646_FEATURE_42064.jpg','https://hc.com.vn/i/ecommerce/media/DL.000646_FEATURE_42065.jpg','https://hc.com.vn/i/ecommerce/media/DL.000646_FEATURE_42066.jpg','https://hc.com.vn/i/ecommerce/media/DL.000646_FEATURE_42067.jpg','https://hc.com.vn/i/ecommerce/media/DL.000646_FEATURE_42063.jpg'),
		('DL.004204','https://hc.com.vn/i/ecommerce/media/DL.004204_FEATURE_83756.jpg','https://hc.com.vn/i/ecommerce/media/DL.004204_FEATURE_83757.jpg','https://hc.com.vn/i/ecommerce/media/DL.004204_FEATURE_83758.jpg','https://hc.com.vn/i/ecommerce/media/DL.004204_FEATURE_83759.jpg','',''),
		('DL.004331','https://hc.com.vn/i/ecommerce/media/DL.004331_FEATURE_86235.jpg','https://hc.com.vn/i/ecommerce/media/DL.004331_FEATURE_86236.jpg','https://hc.com.vn/i/ecommerce/media/DL.004331_FEATURE_86237.jpg','https://hc.com.vn/i/ecommerce/media/DL.004331_FEATURE_86238.jpg','https://hc.com.vn/i/ecommerce/media/DL.004331_FEATURE_86239.jpg','https://hc.com.vn/i/ecommerce/media/DL.004331_FEATURE_86240.jpg'),
		('DL.004239','https://hc.com.vn/i/ecommerce/media/DL.004239_FEATURE_84591.jpg','https://hc.com.vn/i/ecommerce/media/DL.004239_FEATURE_84592.jpg','https://hc.com.vn/i/ecommerce/media/DL.004239_FEATURE_84593.jpg','https://hc.com.vn/i/ecommerce/media/DL.004239_FEATURE_84594.jpg','https://hc.com.vn/i/ecommerce/media/DL.004239_FEATURE_84595.jpg','https://hc.com.vn/i/ecommerce/media/DL.004239_FEATURE_84596.jpg'),
		('DL.000782','https://hc.com.vn/i/ecommerce/media/DL.000782_FEATURE_42085.jpg','https://hc.com.vn/i/ecommerce/media/DL.000782_FEATURE_42086.jpg','https://hc.com.vn/i/ecommerce/media/DL.000782_FEATURE_42087.jpg','https://hc.com.vn/i/ecommerce/media/DL.000782_FEATURE_42088.jpg','https://hc.com.vn/i/ecommerce/media/DL.000782_FEATURE_42089.jpg','https://hc.com.vn/i/ecommerce/media/DL.000782_FEATURE_42090.jpg'),
		('DL.000638','https://hc.com.vn/i/ecommerce/media/DL.000638_FEATURE_42060.jpg','https://hc.com.vn/i/ecommerce/media/DL.000638_FEATURE_42061.jpg','https://hc.com.vn/i/ecommerce/media/DL.000638_FEATURE_76092.jpg','https://hc.com.vn/i/ecommerce/media/DL.000638_FEATURE_76093.jpg','https://hc.com.vn/i/ecommerce/media/DL.000638_FEATURE_76094.jpg','https://hc.com.vn/i/ecommerce/media/DL.000638_FEATURE_76095.jpg'),
		('DL.003635','https://hc.com.vn/i/ecommerce/media/DL.003635_FEATURE_74284.jpg','https://hc.com.vn/i/ecommerce/media/DL.003635_FEATURE_74285.jpg','https://hc.com.vn/i/ecommerce/media/DL.003635_FEATURE_74286.jpg','https://hc.com.vn/i/ecommerce/media/DL.003635_FEATURE_74284.jpg','https://hc.com.vn/i/ecommerce/media/DL.003635_FEATURE_74285.jpg','https://hc.com.vn/i/ecommerce/media/DL.003635_FEATURE_74286.jpg'),
		('00032699','https://hc.com.vn/i/ecommerce/media/00032699_FEATURE_39266.jpg','https://hc.com.vn/i/ecommerce/media/00032699_FEATURE_39267.jpg','https://hc.com.vn/i/ecommerce/media/00032699_FEATURE_39268.jpg','','',''),



INSERT INTO MoTa 
	VALUES('00029913',N'Thiết kế nhỏ gọn, di chuyển linh hoạt',N'Thiết kế nhỏ gọn cùng dung tích sử dụng 85 lít, tủ lạnh Electrolux EUM09000SA là sản phẩm phù hợp với các bạn sinh viên hoặc gia đình 1-2 thành viên, các phòng kinh doanh dịch vụ lưu trú như khách sạn có không gian phòng không quá rộng. Cửa tủ bằng thép không gỉ sáng bóng, sang trọng đảm bảo tính thẩm mỹ cho không gian sống của bạn. Hơn thế nữa, chất liệu thép không gỉ còn tăng độ bền cho tủ. Sản phẩm có kích thước nhỏ nên dễ dàng di chuyển và đặt được ở các vị trí thích hợp trong căn nhà của bạn mà không tốn nhiều diện tích.','https://hc.com.vn/i/ecommerce/media/ckeditor_2721499.jpg'),
		('00029913',N'Tiết kiệm chi phí điện năng',N'Tủ lạnh Electrolux 85 lít EUM0900SA chỉ tiêu thụ 0.55 kW/ngày (203.56KWH/năm) giúp bạn tiết kiệm chi phí điện hàng tháng, đặc biệt với những người ở trọ, giá điện cao.','https://hc.com.vn/i/ecommerce/media/ckeditor_2721503.jpg'),
		('DL.002009',N'Thiết kế nhỏ gọn, di chuyển dễ dàng',N'Tủ lạnh Aqua AQR-D99FA BS thuộc dòng tủ lạnh mini 1 cửa, tủ có thiết kế đẹp mắt, vỏ thép chắc chắn, dễ vệ sinh. Tủ lạnh Aqua dung tích 90 lít phù hợp với những không gian nhỏ hẹp, nhu cầu lưu trữ ít như các bạn sinh viên, người đi làm ở trọ hay những gia đình có nhu cầu sử dụng các loại đồ uống, hoa quả đặt trong phòng khách, phòng ngủ. Với kích thước nhỏ gọn, người dùng cũng dễ dàng di chuyển tủ khi có nhu cầu thay đổi chỗ để.','https://hc.com.vn/i/ecommerce/media/ckeditor_2811290.jpg'),
		('DL.002009',N'Hệ thống làm lạnh trực tiếp làm lạnh nhanh',N'Tủ lạnh mini Aqua này sử dụng công nghệ làm lạnh trực tiếp. Công nghệ này hoạt động dựa trên nguyên tắc hơi lạnh được thổi trực tiếp đến nhiều vị trí khác nhau trong tủ, đảm bảo làm lạnh nhanh, vận hành êm, giữ thực phẩm luôn tươi ngon. Đặc biệt, tủ lạnh Aqua AQR-D99FA BS sử dụng điện rất tiết kiệm, điều này rất quan trọng với những người ở trọ khi giá điện cao.','https://hc.com.vn/i/ecommerce/media/ckeditor_2811285.jpg'),
		('DL.002006',N'Thiết kế nhỏ gọn, gam màu đen sang trọng',N'Tủ lạnh Aqua 50 lít AQR AQR-D59FA BS có 1 cửa mở tiện lợi cho việc lấy đồ. Thiết kế nhỏ gọn, đơn giản nhưng không kém phần sang trọng với gam màu đen thanh lịch, phù hợp lắp đặt ở mọi không gian, đặc biệt là những nơi chật hẹp. Tủ lạnh mini Aqua 50 lít đáp ứng nhu cầu lưu trữ ít như các bạn sinh viên ở trọ hay những gia đình, khách sạn có nhu cầu sử dụng các loại đồ uống mát, bảo quản hoa quả đặt trong phòng khách, phòng ngủ. Kích thước nhỏ cho phép người dùng di chuyển thay đổi vị trí một các dễ dàng.','https://hc.com.vn/i/ecommerce/media/ckeditor_2678325.jpg'),
		('DL.002006',N'Công nghệ làm lạnh trực tiếp giữ thực phẩm tươi ngon',N'Tủ lạnh Aqua AQR AQR-D59FA BS ứng dụng công nghệ làm lạnh trực tiếp, hơi lạnh được thổi lan tỏa đều khắp mọi vị trí trong tủ giúp làm lạnh nhanh, vận hành êm, giữ thực phẩm luôn tươi ngon, hạn chế biến chất. Nhờ thế, tủ tiêu hao rất ít điện khi hoạt động, tiết kiệm chi phí hàng tháng cho người dùng.','https://hc.com.vn/i/ecommerce/media/ckeditor_2678326.png'),
		('00030532',N'Tiết kiệm điện năng hiệu quả',N'Với lượng điện tiêu thụ chỉ vào khoảng 0,55 KW/ngày (0,5 số điện/ngày) giúp sử dụng tiết kiệm điện năng tối ưu cho người dùng, làm giảm nỗi lo chi phí tiền điện hàng tháng cho bạn.','https://hc.com.vn/i/ecommerce/media/ckeditor_1927748.jpg'),
		('00030532',N'Hệ thống làm lạnh trực tiếp',N'Tủ lạnh Electrolux 46 lít EUM0500SA/SB được trang bị hệ thống làm lạnh trực tiếp giúp tủ làm lạnh nhanh hơn, đảm bảo thực phẩm luôn tươi ngon. Ngoài ra, tủ lạnh mini Electrolux vận hành rất êm ái không làm ảnh hưởng đến các sinh hoạt khác của bạn.','https://hc.com.vn/i/ecommerce/media/ckeditor_1927750.jpg'),
		('DL.002387',N'Mặt tủ giả gương sáng bóng, sang trọng, đẹp mắt',N'Tủ lạnh Samsung Inverter 300 lít RT29K5532BU/SV thiết kế đơn giản nhưng vẫn đẹp mắt, tay nắm chìm tinh tế, thanh lịch. Cửa tủ kim loại phủ sơn đen với công nghệ mới cho độ sáng bóng như gương, tăng thêm sự sang trọng cho không gian bếp của gia đình bạn. Tủ lạnh 2 cửa Samsung này được bố trí ngăn đá trên truyền thống phù hợp với thói quen của đa số người dùng. Dung tích sử dụng 300 lít đáp ứng nhu cầu bảo quản và dự trữ thực phẩm cho gia đình 3-4 thành viên.','https://hc.com.vn/i/ecommerce/media/ckeditor_2794012.jpg'),
		('DL.002387',N'2 dàn lạnh độc lập Twin Cooling Plus - Tươi lâu hơn gấp 2 lần',N'Tủ lạnh Samsung Twin Cooling Plus hoạt động với hai hệ thống làm lạnh riêng biệt cho ngăn đá và ngăn mát. Khí lạnh luân chuyển riêng biệt trong từng ngăn, nhờ đó, độ ẩm luôn được bảo toàn ở ngăn mát, giúp thực phẩm tươi ngon lâu hơn gấp 2 lần. Hơn thế nữa, công nghệ hai dàn lạnh độc lập còn giúp hạn chế lẫn mùi giữa thực phẩm tươi sống trong ngăn đông với thực phẩm chín và rau quả trong ngăn mát.','https://hc.com.vn/i/ecommerce/media/ckeditor_2794014.jpg'),
		('DL.004018',N'Thiết kế phẳng sang trọng',N'Tủ lạnh Panasonic Inverter 380 lít NR-BX421WGKV sở hữu thiết kế phẳng cùng với dải bảng điều khiển cảm ứng thanh mảnh bên ngoài mang tới những đường nét gọn gàng và đầy tinh tế, đồng thời cho phép bạn dễ dàng kiểm soát các cài đặt chỉ bằng một cái chạm nhẹ, không cần mở cửa tủ gây thất thoát hơi lạnh.','https://hc.com.vn/i/ecommerce/media/ckeditor_3114614.jpg'),
		('DL.004018',N'Thịt cá tươi ngon đến 7 ngày – Ăn ngon, sống khỏe',N'Thực phẩm tươi sống, đặc biệt là thịt cá luôn ngon nhất khi mua về, tuy nhiên, làm thế nào để giữ được hương vị tươi ngon mà vẫn an toàn cho sức khỏe nếu cần bảo quản lâu hơn? Tính năng cấp đông mềm Prime Fresh với luồng hơi lạnh mang nhiệt độ lí tưởng -3°C giúp thực phẩm được bảo vệ bởi lớp đông nhẹ trên bề mặt, ngăn chặn sự oxi hóa và vi khuẩn xâm nhập vào bên trong mà không bị làm đóng băng, không phá vỡ cấu trúc tế bào. Bảo quản ở trạng thái đông mềm giúp giữ được độ tươi ngon trong khoảng 7 ngày, giảm tối đa sự hao hụt dưỡng chất và giúp chế biến món ăn tiện lợi, dễ dàng mà không cần phải rã đông. Chế độ Prime Fresh+ để thực phẩm đạt trạng thái cấp đông mềm nhanh hơn gấp bốn lần, giảm thời gian biến đổi chất.','https://hc.com.vn/i/ecommerce/media/ckeditor_3114612.jpg'),
		('00034288',N'Thiết kế sang trọng',N'Tủ lạnh Toshiba B31VU(UKG) tạo ấn tượng với kiểu dáng nhỏ gọn, phù hợp với nhiều không gian xếp đặt. Thiết kế tinh tế với tông màu đen sang trọng, tủ lạnh tôn lên nét đẹp hiện đại cho không gian nội thất gia đình.','https://hc.com.vn/i/ecommerce/media/ckeditor_1946302.jpg'),
		('00034288',N'Tủ lạnh Inverter tiết kiệm điện',N'Tủ lạnh Toshiba B31VU(UKG) ứng dụng công nghệ máy nén biến tần Inverter, làm lạnh thực phẩm với nhiệt độ ổn định cho hiệu quả bảo quản thực phẩm tốt lại tiết kiệm điện năng. Cùng với đó, tủ lạnh Toshiba Inverter mang đến khả năng vận hành vô cùng êm ái, bền bỉ.','https://hc.com.vn/i/ecommerce/media/ckeditor_1946303.jpg'),
		('DL.002458',N'Thiết kế đơn giản, hiện đại',N'Tủ lạnh LG Inverter 209 lít GN-B222WB thiết kế tối giản theo xu hướng hiện đại, tay cầm chìm tinh tế. Gam màu đen mạnh mẽ, sang trọng, nổi bật dễ dàng phối hợp hài hòa với nhiều không gian nội thất. Tủ lạnh 2 cửa LG bố trí ngăn đá trên truyền thống, phù hợp với thói quen của đa số người dùng Việt Nam. Kích thước nhỏ gọn với dung tích 209 lít, thích hợp cho các gia đình 3-4 người, nhu cầu lưu trữ ít.','https://hc.com.vn/i/ecommerce/media/ckeditor_2791787.jpg'),
		('DL.002458',N'Công nghệ Inverter tiết kiệm điện tối ưu',N'Chi phí tiền điện hàng tháng sẽ không còn là nỗi lo lắng của bạn nhờ công nghệ Inverter thế hệ mới trên tủ lạnh LG GN-B222WB. Máy nén Smart Inverter với khả năng tự động điều chỉnh vòng quay để duy trì nhiệt độ luôn ổn định, giúp tủ vận hành êm ái, bền bỉ, tiết kiệm điện năng.','https://hc.com.vn/i/ecommerce/media/ckeditor_2791786.jpg'),
		('DL.003538',N'Thiết kế đơn giản, tinh tế',N'Không quá cầu kì trong thiết kế bên ngoài, tủ lạnh Hitachi R-FVY510PGV0(GMG) sở hữu vẻ đẹp cuốn hút của bề mặt kính nguyên khối nay thêm phần ấn tượng khi kết hợp cùng thiết kế phẳng tràn viền, tinh giản theo xu hướng hiện đại, phù hợp với mọi không gian bếp. Gam màu xám thanh lịch, trang nhã. Tay cầm ẩn giúp tiết kiệm không gian, hạn chế va chạm. Ngăn đá trên phù hợp với thói quen sử dụng của đa số người dùng Việt Nam.','https://hc.com.vn/i/ecommerce/media/ckeditor_2932379.jpg'),
		('DL.003538',N'Làm lạnh cực mạnh, không cần ổn áp',N'Tủ lạnh Hitachi Inverter 390 lít R-FVY510PGV0(GMG) có khả năng làm lạnh mạnh mẽ, ngay cả khi nhiệt độ của môi trường bên ngoài lên đến 60°C, mọi không gian bên trong tủ lạnh vẫn hoàn toàn mát lạnh. Tủ hoạt động ổn định trong dải điện áp rộng 130v đến 300v mà không cần sử dụng ổn áp phù hợp với điều kiện điện lưới ở nhiều vùng của Việt Nam.','https://hc.com.vn/i/ecommerce/media/ckeditor_2746850.jpg'),
		('DL.004262',N'Thiết kế phẳng sang trọng, thời thượng',N'Tủ lạnh Electrolux Inverter 253 lít EBB2802K-H sở hữu thiết kế phẳng tối giản mang lại sự tinh tế, sang trọng cho không gian bếp hiện đại, dễ dàng phối hợp hài hòa với mọi phong cách nội thất. Kiểu dáng thon gọn với chiều rộng chỉ 54cm phù hợp với cả những căn bếp hạn chế về diện tích. Ngăn mát có dung tích lớn hơn và chứa nhiều thực phẩm dùng thường xuyên hơn được bố trí bên trên giúp người dùng dễ dàng quan sát, sắp xếp và lấy thực phẩm bên trong mà không cần phải cúi xuống nhiều.','https://hc.com.vn/i/ecommerce/media/ckeditor_3114448.jpg'),
		('DL.004262',N'Rau quả tươi lâu hơn với ngăn TasteLockAuto',N'Bên trong tủ lạnh thường có độ ẩm thấp do hơi nước bị đóng băng tại ngăn đông, môi trường này không thích hợp để bảo quản rau củ quả vì sẽ làm chúng bị khô héo, hao hụt vitamin và dưỡng chất. Tủ lạnh Electrolux có thiết kế ngăn rau TasteLockAuto với lưới lọc tự động điều chỉnh độ ẩm, duy trì độ ẩm thích hợp giúp giữ trái cây và rau xanh luôn tươi ngon suốt 7 ngày.','https://hc.com.vn/i/ecommerce/media/ckeditor_3084593.jpg'),
		('DL.004275',N'Thiết kế phẳng sang trọng, thời thượng',N'Tủ lạnh Electrolux Inverter 335 lít EBB3702K-H sở hữu thiết kế phẳng tối giản mang lại sự tinh tế, sang trọng cho không gian bếp hiện đại, dễ dàng phối hợp hài hòa với mọi phong cách nội thất. Kiểu dáng thon gọn với chiều rộng chỉ 59.8cm phù hợp với cả những căn bếp hạn chế về diện tích. Ngăn mát có dung tích lớn hơn và chứa nhiều thực phẩm dùng thường xuyên hơn được bố trí bên trên giúp người dùng dễ dàng quan sát, sắp xếp và lấy thực phẩm bên trong mà không cần phải cúi xuống nhiều.','https://hc.com.vn/i/ecommerce/media/ckeditor_3091525.jpg'),
		('DL.004275',N'Thịt cá tươi mềm suốt 7 ngày với ngăn TasteSeal',N'Bên trong ngăn mát của chiếc tủ lạnh này, Electrolux đã tích hợp thêm 1 ngăn TasteSeal khép kín với khay kim loại cao cấp tạo ra một không gian lưu trữ lý tưởng ở mức nhiệt ổn định -2°C. Ở nhiệt độ này, thực phẩm sẽ được bảo quản ở trạng thái đông mềm đảm bảo giữ được độ tươi ngon, trọn vẹn hương vị ban đầu mà không cần đông đá,  không cần mất thời gian rã đông, dễ dàng cắt thái, chế biến ngay sau khi lấy khỏi tủ.','https://hc.com.vn/i/ecommerce/media/ckeditor_3086534.jpg'),
		('DL.002384',N'Thiết kế hiện đại với khay lấy nước ngoài tiện dụng',N'Tủ lạnh Samsung Inverter 319 lít RT32K5932BU/SV thiết kế hiện đại với gam màu đen nổi bật, làm tăng vẻ sang trọng cho không gian nội thất của bạn. Tủ 2 cửa ngăn đá trên truyền thống phù hợp với thói quen của đa số người dùng. Bảng điều khiển bên ngoài thân tủ giúp bạn dễ dàng quan sát và điều chỉnh các mức nhiệt phù hợp với nhu cầu. Thưởng thức ly nước mát lạnh ngay lập tức với ngăn lấy nước ngoài mà không cần mở tủ, hạn chế thất thoát nhiệt.','https://hc.com.vn/i/ecommerce/media/ckeditor_2703586.jpg'),
		('DL.002384',N'Độc đáo với hai dàn lạnh độc lập Twin Cooling Plus',N'Tủ lạnh Samsung Twin Cooling Plus hoạt động với hai hệ thống làm lạnh riêng biệt cho ngăn đá và ngăn mát. Khí lạnh luân chuyển riêng biệt trong từng ngăn, nhờ đó, độ ẩm luôn được bảo toàn ở ngăn mát, giúp thực phẩm tươi ngon lâu hơn gấp 2 lần, hạn chế lẫn mùi giữa thực phẩm sống, chín và rau quả.','https://hc.com.vn/i/ecommerce/media/ckeditor_2703588.jpeg'),
		('DL.001872',N'Khay lấy nước ngoài kháng khuẩn an toàn cho sức khỏe',N'Tủ lạnh Panasonic NR-BV280WKVN thế hệ tủ lạnh mới thiết kế khay lấy nước bên ngoài tủ. Ngăn chứa nước cấu trúc kín, kết hợp với vật liệu kháng khuẩn để ngăn ngừa sự phát triển của vi khuẩn. Đặc biệt, ngăn chứa nước còn được tích hợp bộ lọc carbon, giảm mùi khó chịu, đảm bảo nước sử dụng luôn trong lành và sạch khuẩn. Bạn sẽ có ngay cốc nước mát lạnh một cách dễ dàng và an toàn cả gia đình.','https://hc.com.vn/i/ecommerce/media/ckeditor_2674944.jpg'),
		('DL.001872',N'Thiết kế hiện đại với ngăn đá dưới tiện lợi',N'Tủ lạnh 2 cửa Panasonic có thiết kế ngăn đá phía dưới thay vì ngăn đá trên như các dòng sản phẩm phổ thông cũ. Thiết kế này vô cùng tiện lợi bởi ngăn mát là nơi được dùng thường xuyên hơn, người dùng sẽ không cần cúi người khi lấy thực phẩm. Tủ nổi bật với gam màu đen sang trọng phù hợp với không gian nội thất hiện đại.','https://hc.com.vn/i/ecommerce/media/ckeditor_2674940.jpg'),
		('DL.000646',N'Thiết kế sang trọng, tiện dụng',N'Tủ lạnh Panasonic Inverter NR-BV280QSVN thiết kế với kiểu dáng hiện đại, phẳng, cạnh liền mạch, màu sắc sang trọng tạo điểm nhấn tinh tế, ấn tượng cho không gian nội thất. Hơn nữa thiết kế ngăn lạnh phía trên của tủ giúp bạn dễ dàng lấy thực phẩdm thường dùng mà không phải khom lưng quá nhiều.','https://hc.com.vn/i/ecommerce/media/ckeditor_2123491.jpg'),
		('DL.000646',N'Dung tích 255 lít',N'Tủ lạnh Panasonic 255 lít phù hợp với gia đình khoảng 2 - 3 người. Bạn có thể thoái mái trữ nhiều thực phẩm để làm phong phú hơn cho bữa ăn gia đình.','https://hc.com.vn/i/ecommerce/media/ckeditor_2123492.jpg'),
		('DL.004204',N'Thiết kế hiện đại, mặt gương sang trọng, đẳng cấp',N'Sở hữu vẻ đẹp cuốn hút của bề mặt gương sáng bóng kết hợp cùng thiết kế phẳng tối giản, tủ lạnh Sharp Inverter 520 lít SJ-FXP600VG-BK mang đến cho bạn một không gian sống tiện nghi, sang trọng, dễ dàng kết hợp với nội thất của căn bếp hiện đại.','https://hc.com.vn/i/ecommerce/media/ckeditor_3136756.jpg'),
		('DL.004204',N'Vận hành êm ái, tiết kiệm điện với công nghệ J-tech Inverter',N'Tủ lạnh Sharp SJ-FXP600VG-BK trang bị công nghệ J-tech Inveter có khả năng tự động điều chỉnh hoạt động của máy nén ở 36 cấp độ vô cùng linh hoạt, trong khi đó, công nghệ Inverter thông thường chỉ có 7 cấp độ. Điều này giúp đáp ứng nhu cầu làm lạnh hiệu quả, duy trì nhiệt độ ổn định, giảm thiểu tiêu hao năng lượng, hạn chế tiếng ồn, đồng thời giúp máy nén hoạt động bền bỉ.','https://hc.com.vn/i/ecommerce/media/ckeditor_3136754.jpg'),
		('DL.004331',N'Thiết kế 4 cánh tiện dụng, mặt gương sang trọng',N'Tủ lạnh Panasonic Inverter 550 lít NR-DZ601VGKV sở hữu cửa tủ mặt kính đen hiện đại, sang trọng tạo điểm nhấn nổi bật cho không gian nội thất của gia đình. Tay cầm cong cách điệu đầy tinh tế, quyến rũ, thu hút mọi ánh nhìn. Thiết kế tủ 4 cánh giúp tủ có chiều ngang rộng rãi hơn. Ngoài ra, với thiết kế này, khi lấy đồ hay sắp xếp đồ vào trong tủ bạn chỉ cần mở 1 nửa mà không phải mở toàn bộ ngăn tủ, hạn chế thất thoát hơi lạnh. Chiếc tủ lạnh Panasonic này có tổng dung tích lên đến 550 lít nên bạn có thể thoải mái bảo quản lượng lớn thực phẩm cho gia đình có trên 5 thành viên, không cần mất thời gian đi chợ hàng ngày.','https://hc.com.vn/i/ecommerce/media/ckeditor_3188094.jpg'),
		('DL.004331',N'Bảo quản thực phẩm luôn tươi ngon nhờ công nghệ Prime Fresh+',N'Tủ lanh Panasonic sẽ thay đổi hoàn toàn khái niệm bảo quản thịt cá tươi sống trước đây với ngăn cấp đông mềm Prime Fresh. Bạn sẽ không cần loay hoay tìm cách xử lý miếng thịt đông lạnh “cứng ngắc” và kém ngon. Với luồng hơi lạnh mang nhiệt độ lí tưởng -3°C, công nghệ Prime Fresh sẽ giúp thực phẩm được bảo vệ bởi lớp đông nhẹ trên bề mặt, ngăn chặn sự oxi hóa và vi khuẩn xâm nhập vào bên trong mà không bị làm đóng băng, không phá vỡ cấu trúc tế bào. Bảo quản ở trạng thái đông mềm giúp giữ được độ tươi ngon trong khoảng 7 ngày, giảm tối đa sự hao hụt dưỡng chất và giúp chế biến món ăn tiện lợi, dễ dàng mà không cần phải rã đông. Chế độ Prime Fresh+ để thực phẩm đạt trạng thái cấp đông mềm nhanh hơn gấp bốn lần, giảm thời gian biến đổi chất.','https://hc.com.vn/i/ecommerce/media/ckeditor_3188098.jpg'),
		('DL.004239',N'Thiết kế sang trọng, hiện đại',N'Tủ lạnh Samsung Inverter 488 lít RF48A4010B4/SV mang đến sự sang trọng, thời thượng cho không gian sống của bạn với thiết kế phẳng tinh tế, hiện đại. Bề mặt thép không gỉ cao cấp với độ bền cao và không lưu dấu vân tay, tông màu đen mạnh mẽ, sang trọng dễ dàng kết hợp với nội thất của căn bếp hiện đại.','https://hc.com.vn/i/ecommerce/media/ckeditor_3151278.jpg'),
		('DL.004239',N'Không gian lưu trữ rộng rãi, khoa học',N'Tủ lạnh Samsung 4 cánh mở độc lập kiểu cửa Pháp cực kỳ tiện lợi với ngăn mát và ngăn đá rộng rãi, dễ dàng lưu trữ những thực phẩm có kích thước bề ngang lớn. Ngăn mát nằm phía trên giúp bạn dễ dàng quan sát và lấy thực phẩm thường dùng mà không cần cúi xuống tìm kiếm nhiều. Tổng dung tích lên đến 488 lít đáp ứng nhu cầu lưu trữ thực phẩm cho gia đình 4-6 thành viên hoặc gia đình ít người nhưng cần bảo quản lượng lớn thức ăn vì không có nhiều thời gian đi chợ.','https://hc.com.vn/i/ecommerce/media/ckeditor_3151287.gif'),
		('DL.000782',N'Kiểu dáng thẩm mỹ, hiện đại',N'Với kiểu tủ lạnh Multi Door, cửa tủ mặt gương dễ dàng lau chùi, vệ sinh, Aqua Inverter AQR-IGW525EM (GB) hứa hẹn sẽ mang đến vẻ đẹp sang trọng và hiện đại cho không gian nhà bạn.','https://hc.com.vn/i/ecommerce/media/ckeditor_2869221.jpg'),
		('DL.000782',N'Công nghệ Inverter tiết kiệm điện',N'Nhờ sử dụng công nghệ Inverter, chiếc tủ lạnh Aqua này giúp bạn tiết kiệm lượng điện năng tiêu thụ mỗi tháng, vì có khả năng điều chỉnh vòng quay của máy nén. Công nghệ Inverter tiên tiến cho phép kiểm soát lượng điện tiêu thụ tối ưu, giúp nhiệt độ trong tủ luôn ổn định mà vẫn đảm bảo máy vận hành êm ái.','https://hc.com.vn/i/ecommerce/media/ckeditor_2077819.jpg'),
		('DL.000638',N'Thiết kế sang trọng, hiện đại',N'Tủ lạnh Mitsubishi Inverter 365 lít MR-CGX46EN-GBR-V tạo ấn tượng với thiết kế sang trọng, mặt gương sáng bóng, màu nâu đầy thu hút, kiểu dáng hiện đại, tinh tế trong từng đường nét. Tủ thiết kế ngăn lạnh trên giúp bạn dễ dàng lấy thực phẩm thường dùng mà không phải khom lưng quá nhiều.','https://hc.com.vn/i/ecommerce/media/ckeditor_2123629.jpg'),
		('DL.000638',N'2 ngăn mát độc lập','Tủ lạnh thiết kế 2 ngăn mát độc lập. Ngăn mát bên trên lưu trữ chế phẩm từ sữa và thực phẩm đã qua chế biến. Ngăn ướp lạnh mềm 7 ngày bên dưới bảo quản trọn vẹn độ tươi ngon của thực phẩm tươi sống. 2 ngăn độc lập giúp đảm bảo vệ sinh và thực phẩm không bị lẫn mùi. Thiết kế trong suốt giúp sắp xếp, tìm kiếm thực phẩm dễ dàng.','https://hc.com.vn/i/ecommerce/media/ckeditor_2123631.jpg'),
		('DL.003635',N'Thiết kế tinh tế, thời thượng',N'Tủ lạnh Aqua Inverter 549 lít AQR-IG636FM(GB) sở hữu vẻ đẹp ấn tượng với mặt gương đen sang trọng, thời thượng. Từng đường nét tinh tế kết hợp hài hòa giúp nâng tầm không gian nội thất hiện đại. Dễ dàng lấy thực phẩm ở mọi vị trí với chiều sâu hợp lý, tránh bỏ quên thực phẩm nằm bên trong dẫn đến hư hỏng, lãng phí.','https://hc.com.vn/i/ecommerce/media/ckeditor_2932487.jpg'),
		('DL.003635',N'Điều khiển cảm ứng trên cửa tủ sang trọng, tiện lợi',N'Bảng điều khiển cảm ứng thông minh được bố trí ngay trên cửa tủ cho phép người dùng kiểm soát và điều chỉnh chế độ phù hợp nhất một cách nhanh chóng mà không cần mở cửa làm thất thoát hơi lạnh. Tay cầm chìm với góc nghiêng 10° cùng độ dày vừa phải tạo sự thoải mái, êm ái khi mở cửa, đồng thời tiết kiệm không gian, hạn chế va chạm khi di chuyển. Chất liệu nhôm nguyên khối chắc chắn, bền đẹp hơn tay nắm thông thường.','https://hc.com.vn/i/ecommerce/media/ckeditor_2932482.jpg'),
		('00032699',N'Thiết kế sang trọng, thời thượng',N'Tủ lạnh Panasonic NR-F503GT-T2 thiết kế mặt gương sáng bóng, kết hợp tông màu nâu sang trọng tôn lên nét đẹp hiện đại, tinh tế cho không gian nội thất. Thiết kế 6 cửa độc đáo cùng bảng điều khiển cảm ứng bên ngoài nổi bật tạo điểm nhấn thu hút mọi ánh nhìn.','https://hc.com.vn/i/ecommerce/media/ckeditor_1952052.jpg'),
		('00032699',N'Dung tích 491 lít',N'Tủ lạnh Panasonic 491 lít sẽ là lựa chọn hợp lý cho gia đình có 4 - 5 thành viên.','https://hc.com.vn/i/ecommerce/media/ckeditor_1952053.jpg'),



INSERT INTO ThongSo
	VALUES('00029913',N'Xuất xứ',N'Trung Quốc'),
		('00029913',N'Bảo hành',N'2 năm'),
		('00029913',N'Màu sắc',N'Bạc'),
		('00029913',N'Dung tích tổng',N'92 lít'),
		('00029913',N'Dung tích sử dụng',N'85 lít'),
		('00029913',N'Số người sử dụng',N'1-3 người'),
		('00029913',N'Điện năng tiêu thụ',N'~0.55 kW/ngày'),
		('00029913',N'Khoảng dung tích',N'Dưới 150 lít'),
		('00029913',N'Công nghệ Inverter',N'Không'),
		('00029913',N'Công nghệ làm lạnh',N'Trực tiếp'),
		('DL.002009',N'Xuất xứ',N'Việt Nam'),
		('DL.002009',N'Bảo hành',N'2 năm'),
		('DL.002009',N'Màu sắc',N'Đen'),
		('DL.002009',N'Dung tích tổng',N'92 lít'),
		('DL.002009',N'Dung tích sử dụng',N'90 lít'),
		('DL.002009',N'Số người sử dụng',N'1-3 người'),
		('DL.002009',N'Điện năng tiêu thụ',N'~0.55 kW/ngày'),
		('DL.002009',N'Khoảng dung tích',N'Dưới 150 lít'),
		('DL.002009',N'Công nghệ làm lạnh',N'Trực tiếp'),
		('DL.002009',N'Chất liệu cửa tủ lạnh',N'Mặt thép'),
		('DL.002006',N'Xuất xứ',N'Việt Nam'),
		('DL.002006',N'Bảo hành',N'2 năm'),
		('DL.002006',N'Màu sắc',N'Đen'),
		('DL.002006',N'Dung tích tổng',N'53 lít'),
		('DL.002006',N'Dung tích sử dụng',N'50 lít'),
		('DL.002006',N'Số người sử dụng',N'1-2 người'),
		('DL.002006',N'Kiểu tủ',N'Mini'),
		('DL.002006',N'Khoảng dung tích',N'Dưới 150 lít'),
		('DL.002006',N'Công nghệ làm lạnh',N'Trực tiếp'),
		('DL.002006',N'Chất liệu cửa tủ lạnh',N'Mặt thép'),
		('00030532',N'Xuất xứ',N'Trung Quốc'),
		('00030532',N'Bảo hành',N'2 năm'),
		('00030532',N'Màu sắc',N'Đen'),
		('00030532',N'Dung tích tổng',N'52 lít'),
		('00030532',N'Dung tích sử dụng',N'46,4 lít'),
		('00030532',N'Số người sử dụng',N'1-2 người'),
		('00030532',N'Kiểu tủ',N'Mini'),
		('00030532',N'Khoảng dung tích',N'Dưới 150 lít'),
		('00030532',N'Công nghệ làm lạnh',N'Trực tiếp'),
		('00030532',N'Chất liệu cửa tủ lạnh',N'Mặt thép'),
		('DL.002387',N'Bảo hành',N'2 năm'),
		('DL.002387',N'Màu sắc',N'Đen'),
		('DL.002387',N'Dung tích tổng',N'300 lít'),
		('DL.002387',N'Dung tích sử dụng',N'72 lít'),
		('DL.002387',N'Số người sử dụng',N'3-4 người'),
		('DL.002387',N'Chế độ tiết kiệm điện',N'Công Nghệ Digital Inverter'),
		('DL.002387',N'Khoảng dung tích',N'Từ 300 - < 400 lít'),
		('DL.002387',N'Công nghệ làm lạnh',N'2 dàn lạnh riêng biệt (Twin Cooling Plus™)'),
		('DL.002387',N'Kiểu tủ',N'Ngăn đá trên'),
		('DL.004018',N'Xuất xứ',N'Việt Nam'),
		('DL.004018',N'Bảo hành',N'2 năm'),
		('DL.004018',N'Màu sắc',N'Đen'),
		('DL.004018',N'Dung tích tổng',N'380 lít'),
		('DL.004018',N'Dung tích sử dụng',N'112 lít'),
		('DL.004018',N'Số người sử dụng',N'3-4 người'),
		('DL.004018',N'Chế độ tiết kiệm điện',N'Công Nghệ Digital Inverter'),
		('DL.004018',N'Khoảng dung tích',N'Từ 300 - < 400 lít'),
		('DL.004018',N'Công nghệ làm lạnh',N'2 dàn lạnh riêng biệt (Twin Cooling Plus™)'),
		('DL.004018',N'Kiểu tủ',N'Ngăn đá trên'),
		('00034288',N'Xuất xứ',N'Thái Lan'),
		('00034288',N'Bảo hành',N'2 năm'),
		('00034288',N'Màu sắc',N'Đen'),
		('00034288',N'Dung tích tổng',N'253 lít'),
		('00034288',N'Dung tích sử dụng',N'112 lít'),
		('00034288',N'Số người sử dụng',N'5-7 người'),
		('00034288',N'Chế độ tiết kiệm điện',N'Công Nghệ Digital Inverter'),
		('00034288',N'Khoảng dung tích',N'Từ 150 - < 300 lít'),
		('00034288',N'Công nghệ làm lạnh',N'Luồng khí lạnh vòng cung'),
		('00034288',N'Kiểu tủ',N'Ngăn đá trên'),
		('DL.002458',N'Xuất xứ',N'Indonesia'),
		('DL.002458',N'Bảo hành',N'2 năm'),
		('DL.002458',N'Màu sắc',N'Đen'),
		('DL.002458',N'Dung tích tổng',N'209 lít'),
		('DL.002458',N'Dung tích sử dụng',N'112 lít'),
		('DL.002458',N'Số người sử dụng',N'2-3 người'),
		('DL.002458',N'Chế độ tiết kiệm điện',N'Máy nén Smart Inverter'),
		('DL.002458',N'Khoảng dung tích',N'Từ 150 - < 300 lít'),
		('DL.002458',N'Công nghệ làm lạnh',N'Luồng khí lạnh đa chiều'),
		('DL.002458',N'Kiểu tủ',N'Ngăn đá trên'),
		('DL.003538',N'Xuất xứ',N'Thái lan'),
		('DL.003538',N'Bảo hành',N'1 năm'),
		('DL.003538',N'Màu sắc',N'Xám'),
		('DL.003538',N'Dung tích tổng',N'443 lít'),
		('DL.003538',N'Dung tích sử dụng',N'104 lít'),
		('DL.003538',N'Số người sử dụng',N'2-3 người'),
		('DL.003538',N'Chế độ tiết kiệm điện',N'Máy nén Smart Inverter'),
		('DL.003538',N'Khoảng dung tích',N'Từ 300 - < 400 lít'),
		('DL.003538',N'Công nghệ làm lạnh',N'Luồng khí lạnh đa chiều'),
		('DL.003538',N'Kiểu tủ',N'Ngăn đá trên'),
		('DL.004262',N'Xuất xứ',N'Thái lan'),
		('DL.004262',N'Bảo hành',N'2 năm'),
		('DL.004262',N'Màu sắc',N'Đen'),
		('DL.004262',N'Dung tích tổng',N'253 lít'),
		('DL.004262',N'Dung tích sử dụng',N'108 lít'),
		('DL.004262',N'Số người sử dụng',N'2-3 người'),
		('DL.004262',N'Chế độ tiết kiệm điện',N'Công nghệ NutriFresh Inverter'),
		('DL.004262',N'Khoảng dung tích',N'Từ 150 - < 300 lít'),
		('DL.004262',N'Công nghệ làm lạnh',N'Luồng khí lạnh đa chiều'),
		('DL.004262',N'Kiểu tủ',N'Ngăn đá dưới'),
		('DL.004275',N'Xuất xứ',N'Thái lan'),
		('DL.004275',N'Bảo hành',N'2 năm'),
		('DL.004275',N'Màu sắc',N'Đen'),
		('DL.004275',N'Dung tích tổng',N'335 lít'),
		('DL.004275',N'Dung tích sử dụng',N'85 lít'),
		('DL.004275',N'Số người sử dụng',N'3-4 người'),
		('DL.004275',N'Chế độ tiết kiệm điện',N'Công nghệ NutriFresh Inverter'),
		('DL.004275',N'Khoảng dung tích',N'Từ 300 - < 400 lít'),
		('DL.004275',N'Công nghệ làm lạnh',N'Luồng khí lạnh đa chiều'),
		('DL.004275',N'Kiểu tủ',N'Ngăn đá dưới'),
		('DL.002384',N'Xuất xứ',N'Thái lan'),
		('DL.002384',N'Bảo hành',N'2 năm'),
		('DL.002384',N'Màu sắc',N'Đen'),
		('DL.002384',N'Dung tích tổng',N'327 lít'),
		('DL.002384',N'Dung tích sử dụng',N'319 lít'),
		('DL.002384',N'Số người sử dụng',N'2-3 người'),
		('DL.002384',N'Chế độ tiết kiệm điện',N'Công Nghệ Digital Inverter'),
		('DL.002384',N'Khoảng dung tích',N'Từ 300 - < 400 lít'),
		('DL.002384',N'Công nghệ làm lạnh',N'2 dàn lạnh riêng biệt (Twin Cooling Plus™)'),
		('DL.002384',N'Kiểu tủ',N'Ngăn đá trên'),
		('DL.001872',N'Xuất xứ',N'Việt Nam'),
		('DL.001872',N'Bảo hành',N'2 năm'),
		('DL.001872',N'Màu sắc',N'Đen'),
		('DL.001872',N'Dung tích tổng',N'255 lít'),
		('DL.001872',N'Dung tích ngăn đá',N'85 lít'),
		('DL.001872',N'Số người sử dụng',N'2-3 người'),
		('DL.001872',N'Chế độ tiết kiệm điện',N'Multi Control, Econavi'),
		('DL.001872',N'Khoảng dung tích',N'Từ 150 - < 300 lít'),
		('DL.001872',N'Công nghệ làm lạnh',N'Panorama'),
		('DL.001872',N'Kiểu tủ',N'Ngăn đá dưới'),
		('DL.000646',N'Xuất xứ',N'Việt Nam'),
		('DL.000646',N'Bảo hành',N'2 năm'),
		('DL.000646',N'Màu sắc',N'Bạc'),
		('DL.000646',N'Dung tích tổng',N'255 lít'),
		('DL.000646',N'Dung tích ngăn đá',N'85 lít'),
		('DL.000646',N'Số người sử dụng',N'2-3 người'),
		('DL.000646',N'Chế độ tiết kiệm điện',N'Multi Control, Econavi'),
		('DL.000646',N'Khoảng dung tích',N'Từ 150 - < 300 lít'),
		('DL.000646',N'Công nghệ làm lạnh',N'Panorama'),
		('DL.000646',N'Kiểu tủ',N'Ngăn đá dưới'),
		('DL.004204',N'Xuất xứ',N'Thái lan'),
		('DL.004204',N'Bảo hành',N'1 năm'),
		('DL.004204',N'Màu sắc',N'Đen'),
		('DL.004204',N'Dung tích tổng',N'590 lít'),
		('DL.004204',N'Dung tích ngăn đá',N'203 lít'),
		('DL.004204',N'Số người sử dụng',N'4-5 người'),
		('DL.004204',N'Chế độ tiết kiệm điện',N'J-tech Inverter'),
		('DL.004204',N'Khoảng dung tích',N'Từ 400 - 550 lít'),
		('DL.004204',N'Công nghệ làm lạnh',N'Hệ thống làm lạnh kép Hybrid Cooling'),
		('DL.004204',N'Kiểu tủ',N'Multi Door'),
		('DL.004331',N'Xuất xứ',N'Việt Nam'),
		('DL.004331',N'Bảo hành',N'1 năm'),
		('DL.004331',N'Màu sắc',N'Đen'),
		('DL.004331',N'Dung tích tổng',N'590 lít'),
		('DL.004331',N'Dung tích ngăn đá',N'156 lít'),
		('DL.004331',N'Số người sử dụng',N'4-5 người'),
		('DL.004331',N'Chế độ tiết kiệm điện',N'Multi Control, Cảm biến thông minh Econavi'),
		('DL.004331',N'Khoảng dung tích',N'Từ 400 - 550 lít'),
		('DL.004331',N'Công nghệ làm lạnh',N'Hệ thống làm lạnh kép Hybrid Cooling'),
		('DL.004331',N'Kiểu tủ',N'Multi Door'),
		('DL.004239',N'Xuất xứ',N'Trung Quốc'),
		('DL.004239',N'Bảo hành',N'1 năm'),
		('DL.004239',N'Màu sắc',N'Đen'),
		('DL.004239',N'Dung tích tổng',N'590 lít'),
		('DL.004239',N'Dung tích ngăn đá',N'156 lít'),
		('DL.004239',N'Số người sử dụng',N'4-5 người'),
		('DL.004239',N'Chế độ tiết kiệm điện',N'Multi Control, Cảm biến thông minh Econavi'),
		('DL.004239',N'Khoảng dung tích',N'Từ 400 - 550 lít'),
		('DL.004239',N'Công nghệ làm lạnh',N'Hệ thống làm lạnh kép Hybrid Cooling'),
		('DL.004239',N'Kiểu tủ',N'Multi Door'),
		('DL.000782',N'Xuất xứ',N'Việt nam'),
		('DL.000782',N'Bảo hành',N'2 năm'),
		('DL.000782',N'Màu sắc',N'Đen'),
		('DL.000782',N'Dung tích tổng',N'590 lít'),
		('DL.000782',N'Dung tích ngăn đá',N'156 lít'),
		('DL.000782',N'Số người sử dụng',N'4-5 người'),
		('DL.000782',N'Chế độ tiết kiệm điện',N'Multi Control, Cảm biến thông minh Econavi'),
		('DL.000782',N'Khoảng dung tích',N'Từ 400 - 550 lít'),
		('DL.000782',N'Công nghệ làm lạnh',N'Hệ thống làm lạnh kép Hybrid Cooling'),
		('DL.000782',N'Kiểu tủ',N'Multi Door'),
		('DL.000638',N'Xuất xứ',N'Thái lan'),
		('DL.000638',N'Bảo hành',N'2 năm'),
		('DL.000638',N'Màu sắc',N'Nâu'),
		('DL.000638',N'Dung tích tổng',N'590 lít'),
		('DL.000638',N'Dung tích ngăn đá',N'156 lít'),
		('DL.000638',N'Số người sử dụng',N'4-5 người'),
		('DL.000638',N'Chế độ tiết kiệm điện',N'Multi Control, Cảm biến thông minh Econavi'),
		('DL.000638',N'Khoảng dung tích',N'Từ 400 - 550 lít'),
		('DL.000638',N'Công nghệ làm lạnh',N'Hệ thống làm lạnh kép Hybrid Cooling'),
		('DL.000638',N'Kiểu tủ',N'Multi Door'),
		('DL.003635',N'Xuất xứ',N'Thái lan'),
		('DL.003635',N'Bảo hành',N'2 năm'),
		('DL.003635',N'Màu sắc',N'Nâu'),
		('DL.003635',N'Dung tích tổng',N'590 lít'),
		('DL.003635',N'Dung tích ngăn đá',N'156 lít'),
		('DL.003635',N'Số người sử dụng',N'4-5 người'),
		('DL.003635',N'Chế độ tiết kiệm điện',N'Multi Control, Cảm biến thông minh Econavi'),
		('DL.003635',N'Khoảng dung tích',N'Từ 400 - 550 lít'),
		('DL.003635',N'Công nghệ làm lạnh',N'Hệ thống làm lạnh kép Hybrid Cooling'),
		('DL.003635',N'Kiểu tủ',N'Multi Door'),
		('00032699',N'Xuất xứ',N'Nhật bản'),
		('00032699',N'Bảo hành',N'3 năm'),
		('00032699',N'Màu sắc',N'Đen'),
		('00032699',N'Dung tích tổng',N'491 lít'),
		('00032699',N'Dung tích ngăn đá',N'156 lít'),
		('00032699',N'Số người sử dụng',N'4-5 người'),
		('00032699',N'Chế độ tiết kiệm điện',N'Multi Control, Cảm biến thông minh Econavi'),
		('00032699',N'Khoảng dung tích',N'Từ 400 - 550 lít'),
		('00032699',N'Công nghệ làm lạnh',N'Hệ thống làm lạnh kép Hybrid Cooling'),
		('00032699',N'Kiểu tủ',N'Multi Door'),
